user_id,role,shop_name,region
1,user,,ภาคตะวันออก
2,user,,ภาคเหนือ
3,user,,ภาคใต้
4,user,,ภาคใต้
5,user,,ภาคตะวันออก
6,user,,ภาคตะวันออก
7,user,,ภาคตะวันออก
8,user,,ภาคใต้
9,user,,ภาคใต้
10,user,,ภาคใต้
11,user,,ภาคตะวันออก
12,user,,ภาคเหนือ
13,user,,ภาคใต้
14,user,,ภาคตะวันออก
15,user,,ภาคตะวันออก
16,user,,ภาคตะวันออก
17,user,,ภาคตะวันออก
18,user,,ภาคใต้
19,user,,ภาคตะวันออก
20,user,,ภาคตะวันออก
21,user,,ภาคใต้
22,user,,ภาคตะวันออก
23,user,,ภาคตะวันออก
24,user,,ภาคตะวันออก
25,user,,ภาคตะวันออก
26,user,,ภาคใต้
27,user,,ภาคตะวันออก
28,user,,ภาคใต้
29,user,,ภาคใต้
30,user,,ภาคตะวันออก
31,user,,ภาคใต้
32,user,,ภาคตะวันออก
33,user,,ภาคตะวันออก
34,user,,ภาคเหนือ
35,user,,ภาคเหนือ
36,user,,ภาคใต้
37,user,,ภาคตะวันออก
38,user,,ภาคตะวันออก
39,user,,ภาคใต้
40,user,,ภาคตะวันออก
41,user,,ภาคตะวันออก
42,user,,ภาคตะวันออก
43,user,,ภาคตะวันออก
44,user,,ภาคเหนือ
45,user,,ภาคตะวันออก
46,user,,ภาคใต้
47,user,,ภาคตะวันออก
48,user,,ภาคใต้
49,user,,ภาคใต้
50,user,,ภาคตะวันออก
51,user,,ภาคเหนือ
52,user,,ภาคใต้
53,user,,ภาคเหนือ
54,user,,ภาคใต้
55,user,,ภาคใต้
56,user,,ภาคเหนือ
57,user,,ภาคตะวันออก
58,user,,ภาคตะวันออก
59,user,,ภาคตะวันออก
60,user,,ภาคตะวันออก
61,user,,ภาคตะวันออก
62,user,,ภาคตะวันออก
63,user,,ภาคใต้
64,user,,ภาคตะวันออก
65,user,,ภาคตะวันออก
66,user,,ภาคใต้
67,user,,ภาคตะวันออก
68,user,,ภาคใต้
69,user,,ภาคตะวันออก
70,user,,ภาคเหนือ
71,user,,ภาคใต้
72,user,,ภาคตะวันออก
73,user,,ภาคตะวันออก
74,user,,ภาคใต้
75,user,,ภาคใต้
76,user,,ภาคใต้
77,user,,ภาคใต้
78,user,,ภาคตะวันออก
79,user,,ภาคตะวันออก
80,user,,ภาคตะวันออก
81,user,,ภาคใต้
82,user,,ภาคใต้
83,user,,ภาคตะวันออก
84,user,,ภาคตะวันออก
85,user,,ภาคตะวันออก
86,user,,ภาคตะวันออก
87,user,,ภาคใต้
88,user,,ภาคใต้
89,user,,ภาคใต้
90,user,,ภาคตะวันออก
91,user,,ภาคตะวันออก
92,user,,ภาคใต้
93,user,,ภาคใต้
94,user,,ภาคใต้
95,user,,ภาคใต้
96,user,,ภาคตะวันออก
97,user,,ภาคใต้
98,user,,ภาคตะวันออก
99,user,,ภาคตะวันออก
100,user,,ภาคตะวันออก
101,user,,ภาคตะวันออก
102,user,,ภาคใต้
103,user,,ภาคตะวันออก
104,user,,ภาคใต้
105,user,,ภาคเหนือ
106,user,,ภาคตะวันออก
107,user,,ภาคตะวันออก
108,user,,ภาคใต้
109,user,,ภาคตะวันออก
110,user,,ภาคตะวันออก
111,user,,ภาคตะวันออก
112,user,,ภาคตะวันออก
113,user,,ภาคเหนือ
114,user,,ภาคใต้
115,user,,ภาคใต้
116,user,,ภาคใต้
117,user,,ภาคใต้
118,user,,ภาคตะวันออก
119,user,,ภาคใต้
120,user,,ภาคใต้
121,user,,ภาคใต้
122,user,,ภาคใต้
123,user,,ภาคตะวันออก
124,user,,ภาคตะวันออก
125,user,,ภาคตะวันออก
126,user,,ภาคตะวันออก
127,user,,ภาคใต้
128,user,,ภาคใต้
129,user,,ภาคตะวันออก
130,user,,ภาคใต้
131,user,,ภาคตะวันออก
132,user,,ภาคตะวันออก
133,user,,ภาคตะวันออก
134,user,,ภาคตะวันออก
135,user,,ภาคเหนือ
136,seller,ร้านเกษตรพัฒนา สาขา 136,ภาคตะวันออก
137,seller,ร้านเกษตรพัฒนา สาขา 137,ภาคใต้
138,seller,ร้านเกษตรทอง สาขา 138,ภาคใต้
139,seller,ร้านเกษตรรุ่งเรือง สาขา 139,ภาคตะวันออก
140,seller,ร้านเกษตรรุ่งเรือง สาขา 140,ภาคเหนือ
141,seller,ร้านเกษตรรุ่งเรือง สาขา 141,ภาคเหนือ
142,seller,ร้านเกษตรพัฒนา สาขา 142,ภาคตะวันออก
143,seller,ร้านเกษตรมั่นคง สาขา 143,ภาคตะวันออก
144,seller,ร้านเกษตรพัฒนา สาขา 144,ภาคตะวันออก
145,seller,ร้านเกษตรมั่นคง สาขา 145,ภาคตะวันออก
146,seller,ร้านเกษตรไทย สาขา 146,ภาคตะวันออก
147,seller,ร้านเกษตรพัฒนา สาขา 147,ภาคใต้
148,seller,ร้านเกษตรพัฒนา สาขา 148,ภาคใต้
149,seller,ร้านเกษตรพัฒนา สาขา 149,ภาคตะวันออก
150,seller,ร้านเกษตรรุ่งเรือง สาขา 150,ภาคตะวันออก
