diagnostic_id,user_id,date_key,problem_identified,likely_cause,confidence_score
1001,7,2025-06-30,เครื่องตัดหญ้าเร่งไม่ขึ้น,คาร์บูเรเตอร์ตัน,85.7
1002,108,2026-07-11,ปั๊มพ่นยาแรงดันตก,ซีลลูกสูบเสื่อม,76.2
1003,2,2026-04-03,ซีลน้ำรั่วซึม,ซีลกันน้ำเสื่อมสภาพ,91.2
1004,109,2025-05-05,ปั๊มพ่นยาแรงดันตก,ซีลลูกสูบเสื่อม,79.5
1005,87,2025-05-01,ปั๊มน้ำแรงดันตก,ใบพัดปั๊มสึกหรือมีสิ่งอุดตัน,72.9
1006,92,2025-10-23,ปั๊มน้ำสตาร์ทไม่ติด,แบตเตอรี่/สายไฟหลวม,93.7
1007,12,2026-04-14,ซีลน้ำรั่วซึม,ซีลกันน้ำเสื่อมสภาพ,90.4
1008,97,2026-02-21,ปั๊มน้ำสตาร์ทไม่ติด,แบตเตอรี่/สายไฟหลวม,72.2
1009,93,2025-08-16,สายพ่นยารั่ว,สายยางเสื่อมสภาพตามอายุ,86.2
1010,12,2026-07-02,ปั๊มน้ำสตาร์ทไม่ติด,แบตเตอรี่/สายไฟหลวม,88.5
1011,21,2026-08-24,ซีลน้ำรั่วซึม,ซีลกันน้ำเสื่อมสภาพ,93.9
1012,72,2025-03-20,เครื่องตัดหญ้าสั่นผิดปกติ,หัวเกียร์/ลูกปืนแตก,82.7
1013,95,2025-10-11,ปั๊มน้ำแรงดันตก,ใบพัดปั๊มสึกหรือมีสิ่งอุดตัน,79.9
1014,19,2026-06-05,ซีลน้ำรั่วซึม,ซีลกันน้ำเสื่อมสภาพ,87.1
1015,63,2025-05-13,เครื่องตัดหญ้าเร่งไม่ขึ้น,คาร์บูเรเตอร์ตัน,74.6
1016,57,2025-10-22,ซีลน้ำรั่วซึม,ซีลกันน้ำเสื่อมสภาพ,89.2
1017,15,2026-08-20,สายพ่นยารั่ว,สายยางเสื่อมสภาพตามอายุ,76.4
1018,81,2025-01-25,สายพ่นยารั่ว,สายยางเสื่อมสภาพตามอายุ,81.2
1019,81,2025-02-21,ปั๊มน้ำแรงดันตก,ใบพัดปั๊มสึกหรือมีสิ่งอุดตัน,76.0
1020,118,2026-01-23,เครื่องตัดหญ้าสั่นผิดปกติ,หัวเกียร์/ลูกปืนแตก,74.0
1021,68,2025-04-19,ปั๊มน้ำแรงดันตก,ใบพัดปั๊มสึกหรือมีสิ่งอุดตัน,90.9
1022,103,2025-11-29,เครื่องตัดหญ้าเร่งไม่ขึ้น,คาร์บูเรเตอร์ตัน,80.1
1023,127,2025-04-18,เครื่องตัดหญ้าเร่งไม่ขึ้น,คาร์บูเรเตอร์ตัน,72.5
1024,29,2025-02-06,สายพ่นยารั่ว,สายยางเสื่อมสภาพตามอายุ,74.3
1025,109,2025-05-05,สายพ่นยารั่ว,สายยางเสื่อมสภาพตามอายุ,86.7
1026,120,2025-10-26,เครื่องตัดหญ้าสั่นผิดปกติ,หัวเกียร์/ลูกปืนแตก,84.8
1027,3,2026-03-06,สายพ่นยารั่ว,สายยางเสื่อมสภาพตามอายุ,89.0
1028,69,2025-03-30,ปั๊มพ่นยาแรงดันตก,ซีลลูกสูบเสื่อม,91.5
1029,76,2025-09-22,ปั๊มน้ำสตาร์ทไม่ติด,แบตเตอรี่/สายไฟหลวม,82.2
1030,68,2025-12-19,ปั๊มน้ำสตาร์ทไม่ติด,แบตเตอรี่/สายไฟหลวม,97.2
1031,130,2026-08-15,ปั๊มน้ำแรงดันตก,ใบพัดปั๊มสึกหรือมีสิ่งอุดตัน,95.6
1032,130,2026-05-01,ซีลน้ำรั่วซึม,ซีลกันน้ำเสื่อมสภาพ,87.1
1033,42,2025-04-29,ซีลน้ำรั่วซึม,ซีลกันน้ำเสื่อมสภาพ,85.1
1034,1,2026-08-28,เครื่องตัดหญ้าเร่งไม่ขึ้น,คาร์บูเรเตอร์ตัน,86.8
1035,29,2026-01-15,ปั๊มน้ำสตาร์ทไม่ติด,แบตเตอรี่/สายไฟหลวม,96.0
1036,62,2026-09-19,ซีลน้ำรั่วซึม,ซีลกันน้ำเสื่อมสภาพ,71.6
1037,22,2026-03-17,ปั๊มน้ำสตาร์ทไม่ติด,แบตเตอรี่/สายไฟหลวม,90.5
1038,33,2026-09-26,ปั๊มน้ำสตาร์ทไม่ติด,แบตเตอรี่/สายไฟหลวม,73.6
1039,43,2026-01-05,เครื่องตัดหญ้าเร่งไม่ขึ้น,คาร์บูเรเตอร์ตัน,77.4
1040,55,2026-04-17,เครื่องตัดหญ้าสั่นผิดปกติ,หัวเกียร์/ลูกปืนแตก,96.0
1041,52,2026-08-10,ปั๊มพ่นยาแรงดันตก,ซีลลูกสูบเสื่อม,90.0
1042,96,2025-11-06,ปั๊มพ่นยาแรงดันตก,ซีลลูกสูบเสื่อม,82.3
1043,31,2026-02-07,เครื่องตัดหญ้าสั่นผิดปกติ,หัวเกียร์/ลูกปืนแตก,76.9
1044,6,2025-02-19,ซีลน้ำรั่วซึม,ซีลกันน้ำเสื่อมสภาพ,86.5
1045,57,2025-06-28,เครื่องตัดหญ้าเร่งไม่ขึ้น,คาร์บูเรเตอร์ตัน,70.2
1046,16,2026-07-04,ปั๊มพ่นยาแรงดันตก,ซีลลูกสูบเสื่อม,76.4
1047,85,2025-01-25,สายพ่นยารั่ว,สายยางเสื่อมสภาพตามอายุ,72.0
1048,125,2025-07-04,ซีลน้ำรั่วซึม,ซีลกันน้ำเสื่อมสภาพ,76.0
1049,122,2025-04-13,ปั๊มพ่นยาแรงดันตก,ซีลลูกสูบเสื่อม,76.8
1050,105,2026-01-03,สายพ่นยารั่ว,สายยางเสื่อมสภาพตามอายุ,75.3
1051,111,2025-03-17,ปั๊มพ่นยาแรงดันตก,ซีลลูกสูบเสื่อม,79.9
1052,14,2025-11-16,เครื่องตัดหญ้าสั่นผิดปกติ,หัวเกียร์/ลูกปืนแตก,88.9
1053,16,2026-05-17,ปั๊มน้ำสตาร์ทไม่ติด,แบตเตอรี่/สายไฟหลวม,81.3
1054,28,2025-09-21,สายพ่นยารั่ว,สายยางเสื่อมสภาพตามอายุ,77.0
1055,115,2025-05-28,เครื่องตัดหญ้าเร่งไม่ขึ้น,คาร์บูเรเตอร์ตัน,73.9
1056,119,2025-05-23,ซีลน้ำรั่วซึม,ซีลกันน้ำเสื่อมสภาพ,77.0
1057,26,2025-02-28,เครื่องตัดหญ้าสั่นผิดปกติ,หัวเกียร์/ลูกปืนแตก,71.4
1058,4,2026-02-24,สายพ่นยารั่ว,สายยางเสื่อมสภาพตามอายุ,97.1
1059,61,2026-08-09,สายพ่นยารั่ว,สายยางเสื่อมสภาพตามอายุ,74.7
1060,55,2026-01-13,เครื่องตัดหญ้าสั่นผิดปกติ,หัวเกียร์/ลูกปืนแตก,94.2
1061,98,2025-02-15,ปั๊มน้ำแรงดันตก,ใบพัดปั๊มสึกหรือมีสิ่งอุดตัน,70.1
1062,117,2025-10-31,ซีลน้ำรั่วซึม,ซีลกันน้ำเสื่อมสภาพ,78.0
1063,125,2026-06-26,ปั๊มพ่นยาแรงดันตก,ซีลลูกสูบเสื่อม,74.3
1064,15,2025-08-19,ปั๊มน้ำแรงดันตก,ใบพัดปั๊มสึกหรือมีสิ่งอุดตัน,86.2
1065,81,2026-02-26,ปั๊มน้ำสตาร์ทไม่ติด,แบตเตอรี่/สายไฟหลวม,71.6
1066,129,2026-03-30,เครื่องตัดหญ้าสั่นผิดปกติ,หัวเกียร์/ลูกปืนแตก,95.7
1067,15,2026-02-17,ปั๊มน้ำแรงดันตก,ใบพัดปั๊มสึกหรือมีสิ่งอุดตัน,96.9
1068,48,2025-03-04,สายพ่นยารั่ว,สายยางเสื่อมสภาพตามอายุ,71.9
1069,61,2025-02-22,ปั๊มพ่นยาแรงดันตก,ซีลลูกสูบเสื่อม,81.3
1070,11,2026-03-19,ปั๊มน้ำแรงดันตก,ใบพัดปั๊มสึกหรือมีสิ่งอุดตัน,87.3
1071,134,2025-11-22,ปั๊มพ่นยาแรงดันตก,ซีลลูกสูบเสื่อม,78.9
1072,81,2025-07-22,ปั๊มน้ำแรงดันตก,ใบพัดปั๊มสึกหรือมีสิ่งอุดตัน,76.7
1073,77,2025-11-04,ปั๊มน้ำแรงดันตก,ใบพัดปั๊มสึกหรือมีสิ่งอุดตัน,82.8
1074,3,2026-08-07,ปั๊มน้ำสตาร์ทไม่ติด,แบตเตอรี่/สายไฟหลวม,82.8
1075,19,2026-03-14,ปั๊มน้ำสตาร์ทไม่ติด,แบตเตอรี่/สายไฟหลวม,85.1
1076,34,2026-01-28,ซีลน้ำรั่วซึม,ซีลกันน้ำเสื่อมสภาพ,96.1
1077,95,2025-02-23,ปั๊มน้ำแรงดันตก,ใบพัดปั๊มสึกหรือมีสิ่งอุดตัน,78.0
1078,78,2025-12-07,สายพ่นยารั่ว,สายยางเสื่อมสภาพตามอายุ,87.1
1079,3,2026-09-19,ปั๊มพ่นยาแรงดันตก,ซีลลูกสูบเสื่อม,88.7
1080,27,2026-03-07,ซีลน้ำรั่วซึม,ซีลกันน้ำเสื่อมสภาพ,96.3
1081,30,2025-04-15,ซีลน้ำรั่วซึม,ซีลกันน้ำเสื่อมสภาพ,94.9
1082,40,2026-07-31,เครื่องตัดหญ้าเร่งไม่ขึ้น,คาร์บูเรเตอร์ตัน,77.6
1083,88,2026-04-15,ปั๊มน้ำแรงดันตก,ใบพัดปั๊มสึกหรือมีสิ่งอุดตัน,75.7
1084,68,2026-05-08,สายพ่นยารั่ว,สายยางเสื่อมสภาพตามอายุ,84.2
1085,14,2025-07-15,สายพ่นยารั่ว,สายยางเสื่อมสภาพตามอายุ,72.6
1086,71,2025-11-26,สายพ่นยารั่ว,สายยางเสื่อมสภาพตามอายุ,71.2
1087,34,2025-09-17,สายพ่นยารั่ว,สายยางเสื่อมสภาพตามอายุ,87.8
1088,114,2025-07-23,ปั๊มน้ำแรงดันตก,ใบพัดปั๊มสึกหรือมีสิ่งอุดตัน,85.4
1089,3,2025-11-29,เครื่องตัดหญ้าเร่งไม่ขึ้น,คาร์บูเรเตอร์ตัน,73.1
1090,10,2026-06-21,ปั๊มน้ำแรงดันตก,ใบพัดปั๊มสึกหรือมีสิ่งอุดตัน,93.4
1091,38,2026-03-29,เครื่องตัดหญ้าเร่งไม่ขึ้น,คาร์บูเรเตอร์ตัน,82.0
1092,94,2025-02-02,ซีลน้ำรั่วซึม,ซีลกันน้ำเสื่อมสภาพ,95.2
1093,11,2026-09-11,สายพ่นยารั่ว,สายยางเสื่อมสภาพตามอายุ,95.2
1094,64,2025-06-13,ปั๊มพ่นยาแรงดันตก,ซีลลูกสูบเสื่อม,88.7
1095,105,2025-10-02,สายพ่นยารั่ว,สายยางเสื่อมสภาพตามอายุ,97.3
1096,61,2026-08-06,ปั๊มน้ำแรงดันตก,ใบพัดปั๊มสึกหรือมีสิ่งอุดตัน,94.2
1097,46,2026-09-14,สายพ่นยารั่ว,สายยางเสื่อมสภาพตามอายุ,94.7
1098,86,2025-01-20,ปั๊มน้ำแรงดันตก,ใบพัดปั๊มสึกหรือมีสิ่งอุดตัน,91.9
1099,64,2025-11-16,สายพ่นยารั่ว,สายยางเสื่อมสภาพตามอายุ,77.5
1100,28,2026-09-04,ปั๊มพ่นยาแรงดันตก,ซีลลูกสูบเสื่อม,80.7
1101,121,2025-01-31,สายพ่นยารั่ว,สายยางเสื่อมสภาพตามอายุ,76.2
1102,90,2026-09-27,เครื่องตัดหญ้าสั่นผิดปกติ,หัวเกียร์/ลูกปืนแตก,78.5
1103,59,2026-09-10,สายพ่นยารั่ว,สายยางเสื่อมสภาพตามอายุ,76.2
1104,103,2026-05-28,ปั๊มน้ำแรงดันตก,ใบพัดปั๊มสึกหรือมีสิ่งอุดตัน,79.2
1105,72,2025-02-23,สายพ่นยารั่ว,สายยางเสื่อมสภาพตามอายุ,79.8
1106,85,2026-01-31,เครื่องตัดหญ้าสั่นผิดปกติ,หัวเกียร์/ลูกปืนแตก,96.3
1107,46,2025-03-31,ซีลน้ำรั่วซึม,ซีลกันน้ำเสื่อมสภาพ,86.3
1108,28,2025-07-26,ปั๊มน้ำสตาร์ทไม่ติด,แบตเตอรี่/สายไฟหลวม,86.7
1109,81,2025-09-26,ปั๊มพ่นยาแรงดันตก,ซีลลูกสูบเสื่อม,82.2
1110,99,2026-02-02,ปั๊มน้ำสตาร์ทไม่ติด,แบตเตอรี่/สายไฟหลวม,95.2
1111,12,2025-05-28,ซีลน้ำรั่วซึม,ซีลกันน้ำเสื่อมสภาพ,89.8
1112,51,2025-01-02,เครื่องตัดหญ้าเร่งไม่ขึ้น,คาร์บูเรเตอร์ตัน,80.2
1113,85,2025-02-24,ปั๊มพ่นยาแรงดันตก,ซีลลูกสูบเสื่อม,87.4
1114,32,2026-05-31,สายพ่นยารั่ว,สายยางเสื่อมสภาพตามอายุ,90.2
1115,80,2025-08-22,เครื่องตัดหญ้าเร่งไม่ขึ้น,คาร์บูเรเตอร์ตัน,88.7
1116,76,2025-09-11,เครื่องตัดหญ้าสั่นผิดปกติ,หัวเกียร์/ลูกปืนแตก,85.5
1117,98,2025-05-30,เครื่องตัดหญ้าสั่นผิดปกติ,หัวเกียร์/ลูกปืนแตก,89.0
1118,78,2025-05-16,เครื่องตัดหญ้าเร่งไม่ขึ้น,คาร์บูเรเตอร์ตัน,81.4
1119,74,2025-01-01,ซีลน้ำรั่วซึม,ซีลกันน้ำเสื่อมสภาพ,75.9
1120,83,2026-09-03,เครื่องตัดหญ้าเร่งไม่ขึ้น,คาร์บูเรเตอร์ตัน,83.0
1121,55,2025-12-10,ปั๊มพ่นยาแรงดันตก,ซีลลูกสูบเสื่อม,84.3
1122,44,2026-09-09,สายพ่นยารั่ว,สายยางเสื่อมสภาพตามอายุ,88.4
1123,86,2025-08-09,เครื่องตัดหญ้าเร่งไม่ขึ้น,คาร์บูเรเตอร์ตัน,72.6
1124,80,2026-08-07,ปั๊มน้ำแรงดันตก,ใบพัดปั๊มสึกหรือมีสิ่งอุดตัน,76.3
1125,7,2025-06-04,ปั๊มน้ำแรงดันตก,ใบพัดปั๊มสึกหรือมีสิ่งอุดตัน,71.3
1126,19,2026-01-05,เครื่องตัดหญ้าเร่งไม่ขึ้น,คาร์บูเรเตอร์ตัน,82.8
1127,50,2026-05-05,เครื่องตัดหญ้าเร่งไม่ขึ้น,คาร์บูเรเตอร์ตัน,90.1
1128,103,2025-10-26,เครื่องตัดหญ้าสั่นผิดปกติ,หัวเกียร์/ลูกปืนแตก,76.8
1129,2,2026-05-25,ปั๊มพ่นยาแรงดันตก,ซีลลูกสูบเสื่อม,95.0
1130,109,2026-08-22,ปั๊มน้ำสตาร์ทไม่ติด,แบตเตอรี่/สายไฟหลวม,76.1
1131,133,2026-09-17,ปั๊มพ่นยาแรงดันตก,ซีลลูกสูบเสื่อม,83.0
1132,32,2026-03-09,ปั๊มน้ำแรงดันตก,ใบพัดปั๊มสึกหรือมีสิ่งอุดตัน,82.8
1133,82,2026-09-15,เครื่องตัดหญ้าสั่นผิดปกติ,หัวเกียร์/ลูกปืนแตก,96.6
1134,130,2025-12-10,เครื่องตัดหญ้าเร่งไม่ขึ้น,คาร์บูเรเตอร์ตัน,81.9
1135,41,2026-03-02,เครื่องตัดหญ้าสั่นผิดปกติ,หัวเกียร์/ลูกปืนแตก,90.8
1136,67,2026-01-04,เครื่องตัดหญ้าสั่นผิดปกติ,หัวเกียร์/ลูกปืนแตก,91.0
1137,134,2026-05-11,ซีลน้ำรั่วซึม,ซีลกันน้ำเสื่อมสภาพ,83.6
1138,113,2025-07-05,ซีลน้ำรั่วซึม,ซีลกันน้ำเสื่อมสภาพ,72.2
1139,70,2025-08-10,ปั๊มน้ำแรงดันตก,ใบพัดปั๊มสึกหรือมีสิ่งอุดตัน,79.4
1140,36,2026-02-24,ปั๊มน้ำสตาร์ทไม่ติด,แบตเตอรี่/สายไฟหลวม,74.2
1141,40,2025-10-25,ปั๊มพ่นยาแรงดันตก,ซีลลูกสูบเสื่อม,89.8
1142,105,2025-02-19,เครื่องตัดหญ้าสั่นผิดปกติ,หัวเกียร์/ลูกปืนแตก,79.3
1143,16,2025-12-28,เครื่องตัดหญ้าสั่นผิดปกติ,หัวเกียร์/ลูกปืนแตก,75.8
1144,6,2025-11-23,เครื่องตัดหญ้าสั่นผิดปกติ,หัวเกียร์/ลูกปืนแตก,94.0
1145,98,2026-08-18,เครื่องตัดหญ้าเร่งไม่ขึ้น,คาร์บูเรเตอร์ตัน,83.4
1146,100,2025-10-01,ซีลน้ำรั่วซึม,ซีลกันน้ำเสื่อมสภาพ,93.9
1147,57,2025-11-22,เครื่องตัดหญ้าเร่งไม่ขึ้น,คาร์บูเรเตอร์ตัน,83.7
1148,125,2025-07-31,เครื่องตัดหญ้าสั่นผิดปกติ,หัวเกียร์/ลูกปืนแตก,70.8
1149,104,2025-09-19,ปั๊มพ่นยาแรงดันตก,ซีลลูกสูบเสื่อม,90.3
1150,7,2025-12-30,ปั๊มน้ำแรงดันตก,ใบพัดปั๊มสึกหรือมีสิ่งอุดตัน,95.4
1151,7,2026-04-05,เครื่องตัดหญ้าเร่งไม่ขึ้น,คาร์บูเรเตอร์ตัน,72.4
1152,119,2025-11-29,ปั๊มน้ำแรงดันตก,ใบพัดปั๊มสึกหรือมีสิ่งอุดตัน,75.1
1153,84,2025-07-22,เครื่องตัดหญ้าสั่นผิดปกติ,หัวเกียร์/ลูกปืนแตก,75.9
1154,98,2025-09-11,ซีลน้ำรั่วซึม,ซีลกันน้ำเสื่อมสภาพ,77.8
1155,21,2025-11-24,ซีลน้ำรั่วซึม,ซีลกันน้ำเสื่อมสภาพ,83.2
1156,14,2026-08-05,เครื่องตัดหญ้าเร่งไม่ขึ้น,คาร์บูเรเตอร์ตัน,98.0
1157,18,2025-09-29,ปั๊มน้ำแรงดันตก,ใบพัดปั๊มสึกหรือมีสิ่งอุดตัน,91.9
1158,8,2026-05-22,ปั๊มน้ำสตาร์ทไม่ติด,แบตเตอรี่/สายไฟหลวม,96.6
1159,6,2025-06-04,สายพ่นยารั่ว,สายยางเสื่อมสภาพตามอายุ,87.4
1160,122,2025-07-05,ปั๊มน้ำแรงดันตก,ใบพัดปั๊มสึกหรือมีสิ่งอุดตัน,88.7
1161,120,2026-03-15,ปั๊มน้ำแรงดันตก,ใบพัดปั๊มสึกหรือมีสิ่งอุดตัน,89.6
1162,43,2026-08-19,ซีลน้ำรั่วซึม,ซีลกันน้ำเสื่อมสภาพ,87.0
1163,30,2026-08-04,ปั๊มพ่นยาแรงดันตก,ซีลลูกสูบเสื่อม,91.8
1164,28,2025-05-08,ซีลน้ำรั่วซึม,ซีลกันน้ำเสื่อมสภาพ,86.2
1165,97,2025-08-31,เครื่องตัดหญ้าเร่งไม่ขึ้น,คาร์บูเรเตอร์ตัน,81.1
1166,20,2026-07-10,ปั๊มน้ำแรงดันตก,ใบพัดปั๊มสึกหรือมีสิ่งอุดตัน,86.6
1167,27,2026-05-03,ปั๊มน้ำแรงดันตก,ใบพัดปั๊มสึกหรือมีสิ่งอุดตัน,89.5
1168,31,2025-08-23,สายพ่นยารั่ว,สายยางเสื่อมสภาพตามอายุ,92.3
1169,11,2026-03-16,สายพ่นยารั่ว,สายยางเสื่อมสภาพตามอายุ,79.7
1170,95,2025-11-29,ปั๊มพ่นยาแรงดันตก,ซีลลูกสูบเสื่อม,71.9
1171,4,2026-05-18,ซีลน้ำรั่วซึม,ซีลกันน้ำเสื่อมสภาพ,93.8
1172,111,2026-01-16,ปั๊มน้ำสตาร์ทไม่ติด,แบตเตอรี่/สายไฟหลวม,96.9
1173,118,2026-05-09,สายพ่นยารั่ว,สายยางเสื่อมสภาพตามอายุ,89.8
1174,134,2025-12-05,ปั๊มน้ำแรงดันตก,ใบพัดปั๊มสึกหรือมีสิ่งอุดตัน,97.0
1175,124,2025-07-29,เครื่องตัดหญ้าเร่งไม่ขึ้น,คาร์บูเรเตอร์ตัน,83.0
1176,69,2026-07-22,เครื่องตัดหญ้าเร่งไม่ขึ้น,คาร์บูเรเตอร์ตัน,79.0
1177,23,2025-07-10,สายพ่นยารั่ว,สายยางเสื่อมสภาพตามอายุ,77.8
1178,119,2025-12-17,ปั๊มน้ำแรงดันตก,ใบพัดปั๊มสึกหรือมีสิ่งอุดตัน,86.0
1179,87,2026-06-03,เครื่องตัดหญ้าสั่นผิดปกติ,หัวเกียร์/ลูกปืนแตก,70.8
1180,125,2025-09-10,ปั๊มน้ำแรงดันตก,ใบพัดปั๊มสึกหรือมีสิ่งอุดตัน,75.9
1181,88,2026-09-12,ซีลน้ำรั่วซึม,ซีลกันน้ำเสื่อมสภาพ,77.8
1182,71,2026-04-09,ปั๊มพ่นยาแรงดันตก,ซีลลูกสูบเสื่อม,85.6
1183,22,2026-02-06,ปั๊มน้ำแรงดันตก,ใบพัดปั๊มสึกหรือมีสิ่งอุดตัน,76.8
1184,62,2025-11-12,เครื่องตัดหญ้าสั่นผิดปกติ,หัวเกียร์/ลูกปืนแตก,89.3
1185,126,2026-05-17,ปั๊มพ่นยาแรงดันตก,ซีลลูกสูบเสื่อม,82.5
1186,76,2025-01-14,ปั๊มน้ำสตาร์ทไม่ติด,แบตเตอรี่/สายไฟหลวม,76.2
1187,79,2026-06-22,ปั๊มน้ำแรงดันตก,ใบพัดปั๊มสึกหรือมีสิ่งอุดตัน,88.6
1188,89,2025-10-14,เครื่องตัดหญ้าสั่นผิดปกติ,หัวเกียร์/ลูกปืนแตก,81.9
1189,85,2026-08-03,เครื่องตัดหญ้าเร่งไม่ขึ้น,คาร์บูเรเตอร์ตัน,79.9
1190,79,2025-12-19,ซีลน้ำรั่วซึม,ซีลกันน้ำเสื่อมสภาพ,77.0
1191,50,2025-04-04,ปั๊มพ่นยาแรงดันตก,ซีลลูกสูบเสื่อม,78.8
1192,48,2026-08-01,เครื่องตัดหญ้าเร่งไม่ขึ้น,คาร์บูเรเตอร์ตัน,75.4
1193,71,2026-07-28,เครื่องตัดหญ้าสั่นผิดปกติ,หัวเกียร์/ลูกปืนแตก,90.3
1194,73,2026-08-14,เครื่องตัดหญ้าเร่งไม่ขึ้น,คาร์บูเรเตอร์ตัน,97.5
1195,59,2025-05-31,ซีลน้ำรั่วซึม,ซีลกันน้ำเสื่อมสภาพ,80.1
1196,33,2025-08-23,ปั๊มน้ำสตาร์ทไม่ติด,แบตเตอรี่/สายไฟหลวม,77.7
1197,75,2025-02-12,เครื่องตัดหญ้าเร่งไม่ขึ้น,คาร์บูเรเตอร์ตัน,89.5
1198,126,2025-04-09,ปั๊มพ่นยาแรงดันตก,ซีลลูกสูบเสื่อม,72.9
1199,73,2025-01-10,เครื่องตัดหญ้าเร่งไม่ขึ้น,คาร์บูเรเตอร์ตัน,83.1
1200,48,2025-12-09,ซีลน้ำรั่วซึม,ซีลกันน้ำเสื่อมสภาพ,97.0
1201,123,2025-07-16,สายพ่นยารั่ว,สายยางเสื่อมสภาพตามอายุ,73.2
1202,126,2025-02-20,เครื่องตัดหญ้าสั่นผิดปกติ,หัวเกียร์/ลูกปืนแตก,72.1
1203,14,2026-05-04,ปั๊มพ่นยาแรงดันตก,ซีลลูกสูบเสื่อม,74.2
1204,78,2026-09-23,เครื่องตัดหญ้าเร่งไม่ขึ้น,คาร์บูเรเตอร์ตัน,72.4
1205,107,2025-07-12,ปั๊มน้ำสตาร์ทไม่ติด,แบตเตอรี่/สายไฟหลวม,87.0
1206,58,2026-09-07,เครื่องตัดหญ้าเร่งไม่ขึ้น,คาร์บูเรเตอร์ตัน,91.7
1207,114,2025-10-23,เครื่องตัดหญ้าสั่นผิดปกติ,หัวเกียร์/ลูกปืนแตก,78.3
1208,79,2026-04-03,เครื่องตัดหญ้าสั่นผิดปกติ,หัวเกียร์/ลูกปืนแตก,85.9
1209,26,2025-02-16,เครื่องตัดหญ้าเร่งไม่ขึ้น,คาร์บูเรเตอร์ตัน,96.5
1210,55,2025-06-11,ปั๊มพ่นยาแรงดันตก,ซีลลูกสูบเสื่อม,77.4
1211,62,2025-03-05,ปั๊มน้ำแรงดันตก,ใบพัดปั๊มสึกหรือมีสิ่งอุดตัน,74.9
1212,1,2025-02-28,ปั๊มน้ำแรงดันตก,ใบพัดปั๊มสึกหรือมีสิ่งอุดตัน,81.4
1213,121,2026-06-20,เครื่องตัดหญ้าเร่งไม่ขึ้น,คาร์บูเรเตอร์ตัน,78.2
1214,73,2025-06-29,ซีลน้ำรั่วซึม,ซีลกันน้ำเสื่อมสภาพ,89.7
1215,60,2025-12-19,ปั๊มน้ำสตาร์ทไม่ติด,แบตเตอรี่/สายไฟหลวม,95.9
1216,51,2026-09-04,สายพ่นยารั่ว,สายยางเสื่อมสภาพตามอายุ,81.9
1217,39,2026-02-27,ปั๊มน้ำแรงดันตก,ใบพัดปั๊มสึกหรือมีสิ่งอุดตัน,95.4
1218,16,2025-04-21,ปั๊มน้ำสตาร์ทไม่ติด,แบตเตอรี่/สายไฟหลวม,74.6
1219,74,2025-08-27,เครื่องตัดหญ้าเร่งไม่ขึ้น,คาร์บูเรเตอร์ตัน,82.3
1220,78,2025-12-31,ปั๊มพ่นยาแรงดันตก,ซีลลูกสูบเสื่อม,89.6
1221,127,2025-07-31,เครื่องตัดหญ้าเร่งไม่ขึ้น,คาร์บูเรเตอร์ตัน,82.3
1222,111,2026-04-10,ปั๊มน้ำสตาร์ทไม่ติด,แบตเตอรี่/สายไฟหลวม,90.6
1223,7,2026-04-14,ซีลน้ำรั่วซึม,ซีลกันน้ำเสื่อมสภาพ,72.6
1224,6,2026-06-08,สายพ่นยารั่ว,สายยางเสื่อมสภาพตามอายุ,98.0
1225,69,2026-06-07,สายพ่นยารั่ว,สายยางเสื่อมสภาพตามอายุ,86.1
1226,45,2026-08-16,สายพ่นยารั่ว,สายยางเสื่อมสภาพตามอายุ,83.2
1227,72,2026-05-22,เครื่องตัดหญ้าสั่นผิดปกติ,หัวเกียร์/ลูกปืนแตก,75.1
1228,126,2026-03-31,เครื่องตัดหญ้าสั่นผิดปกติ,หัวเกียร์/ลูกปืนแตก,97.1
1229,105,2026-01-01,ซีลน้ำรั่วซึม,ซีลกันน้ำเสื่อมสภาพ,79.3
1230,42,2026-06-05,ปั๊มน้ำสตาร์ทไม่ติด,แบตเตอรี่/สายไฟหลวม,79.2
1231,74,2026-06-23,เครื่องตัดหญ้าสั่นผิดปกติ,หัวเกียร์/ลูกปืนแตก,88.6
1232,10,2025-11-08,สายพ่นยารั่ว,สายยางเสื่อมสภาพตามอายุ,82.7
1233,83,2025-09-02,ซีลน้ำรั่วซึม,ซีลกันน้ำเสื่อมสภาพ,73.2
1234,132,2026-08-24,เครื่องตัดหญ้าสั่นผิดปกติ,หัวเกียร์/ลูกปืนแตก,93.1
1235,119,2025-01-01,ปั๊มพ่นยาแรงดันตก,ซีลลูกสูบเสื่อม,81.6
1236,93,2025-05-26,เครื่องตัดหญ้าเร่งไม่ขึ้น,คาร์บูเรเตอร์ตัน,87.4
1237,114,2026-01-23,ปั๊มพ่นยาแรงดันตก,ซีลลูกสูบเสื่อม,91.3
1238,34,2025-06-08,ซีลน้ำรั่วซึม,ซีลกันน้ำเสื่อมสภาพ,96.0
1239,125,2025-12-07,ปั๊มพ่นยาแรงดันตก,ซีลลูกสูบเสื่อม,73.4
1240,62,2026-05-05,เครื่องตัดหญ้าเร่งไม่ขึ้น,คาร์บูเรเตอร์ตัน,89.9
1241,4,2025-08-30,เครื่องตัดหญ้าเร่งไม่ขึ้น,คาร์บูเรเตอร์ตัน,85.5
1242,30,2025-03-14,ปั๊มน้ำแรงดันตก,ใบพัดปั๊มสึกหรือมีสิ่งอุดตัน,82.9
1243,40,2025-04-02,ปั๊มพ่นยาแรงดันตก,ซีลลูกสูบเสื่อม,84.0
1244,131,2026-07-11,ซีลน้ำรั่วซึม,ซีลกันน้ำเสื่อมสภาพ,89.8
1245,124,2025-11-19,สายพ่นยารั่ว,สายยางเสื่อมสภาพตามอายุ,97.4
1246,38,2025-07-09,เครื่องตัดหญ้าสั่นผิดปกติ,หัวเกียร์/ลูกปืนแตก,80.7
1247,35,2026-04-11,เครื่องตัดหญ้าเร่งไม่ขึ้น,คาร์บูเรเตอร์ตัน,94.2
1248,107,2025-08-03,สายพ่นยารั่ว,สายยางเสื่อมสภาพตามอายุ,79.5
1249,69,2026-09-04,เครื่องตัดหญ้าเร่งไม่ขึ้น,คาร์บูเรเตอร์ตัน,93.0
1250,77,2025-08-08,ปั๊มพ่นยาแรงดันตก,ซีลลูกสูบเสื่อม,93.4
1251,126,2026-03-27,ปั๊มพ่นยาแรงดันตก,ซีลลูกสูบเสื่อม,94.2
1252,124,2025-12-13,เครื่องตัดหญ้าเร่งไม่ขึ้น,คาร์บูเรเตอร์ตัน,79.7
1253,97,2026-03-05,สายพ่นยารั่ว,สายยางเสื่อมสภาพตามอายุ,82.7
1254,49,2025-09-07,สายพ่นยารั่ว,สายยางเสื่อมสภาพตามอายุ,97.5
1255,99,2025-07-05,เครื่องตัดหญ้าเร่งไม่ขึ้น,คาร์บูเรเตอร์ตัน,76.5
1256,12,2026-08-26,เครื่องตัดหญ้าสั่นผิดปกติ,หัวเกียร์/ลูกปืนแตก,78.9
1257,98,2026-01-03,ปั๊มพ่นยาแรงดันตก,ซีลลูกสูบเสื่อม,80.8
1258,39,2026-05-31,สายพ่นยารั่ว,สายยางเสื่อมสภาพตามอายุ,83.9
1259,129,2025-01-29,ปั๊มน้ำแรงดันตก,ใบพัดปั๊มสึกหรือมีสิ่งอุดตัน,97.0
1260,26,2025-09-15,สายพ่นยารั่ว,สายยางเสื่อมสภาพตามอายุ,94.5
1261,135,2025-12-08,ปั๊มน้ำสตาร์ทไม่ติด,แบตเตอรี่/สายไฟหลวม,95.5
1262,37,2025-01-12,ปั๊มพ่นยาแรงดันตก,ซีลลูกสูบเสื่อม,81.5
1263,20,2026-05-24,ปั๊มน้ำแรงดันตก,ใบพัดปั๊มสึกหรือมีสิ่งอุดตัน,83.1
1264,102,2025-07-25,ซีลน้ำรั่วซึม,ซีลกันน้ำเสื่อมสภาพ,88.2
1265,98,2025-09-13,สายพ่นยารั่ว,สายยางเสื่อมสภาพตามอายุ,96.7
1266,125,2026-05-02,ปั๊มพ่นยาแรงดันตก,ซีลลูกสูบเสื่อม,94.4
1267,18,2025-01-28,เครื่องตัดหญ้าเร่งไม่ขึ้น,คาร์บูเรเตอร์ตัน,76.6
1268,59,2026-06-16,ซีลน้ำรั่วซึม,ซีลกันน้ำเสื่อมสภาพ,90.9
1269,26,2025-12-04,ปั๊มน้ำสตาร์ทไม่ติด,แบตเตอรี่/สายไฟหลวม,82.4
1270,8,2026-06-24,ซีลน้ำรั่วซึม,ซีลกันน้ำเสื่อมสภาพ,71.3
1271,76,2026-09-11,ปั๊มน้ำสตาร์ทไม่ติด,แบตเตอรี่/สายไฟหลวม,80.0
1272,63,2025-12-01,ปั๊มน้ำแรงดันตก,ใบพัดปั๊มสึกหรือมีสิ่งอุดตัน,84.9
1273,47,2026-03-16,ปั๊มพ่นยาแรงดันตก,ซีลลูกสูบเสื่อม,74.8
1274,98,2025-03-03,เครื่องตัดหญ้าเร่งไม่ขึ้น,คาร์บูเรเตอร์ตัน,87.4
1275,37,2025-07-07,เครื่องตัดหญ้าสั่นผิดปกติ,หัวเกียร์/ลูกปืนแตก,76.5
1276,118,2026-05-11,ซีลน้ำรั่วซึม,ซีลกันน้ำเสื่อมสภาพ,77.1
1277,120,2025-01-08,สายพ่นยารั่ว,สายยางเสื่อมสภาพตามอายุ,95.2
1278,41,2026-06-11,เครื่องตัดหญ้าเร่งไม่ขึ้น,คาร์บูเรเตอร์ตัน,72.1
1279,77,2025-09-26,เครื่องตัดหญ้าเร่งไม่ขึ้น,คาร์บูเรเตอร์ตัน,87.9
1280,65,2025-11-26,ปั๊มพ่นยาแรงดันตก,ซีลลูกสูบเสื่อม,82.8
1281,99,2025-08-23,ปั๊มน้ำแรงดันตก,ใบพัดปั๊มสึกหรือมีสิ่งอุดตัน,93.9
1282,98,2025-03-24,ปั๊มน้ำแรงดันตก,ใบพัดปั๊มสึกหรือมีสิ่งอุดตัน,86.0
1283,76,2026-03-23,ซีลน้ำรั่วซึม,ซีลกันน้ำเสื่อมสภาพ,70.6
1284,71,2026-05-27,เครื่องตัดหญ้าสั่นผิดปกติ,หัวเกียร์/ลูกปืนแตก,70.2
1285,13,2026-06-17,สายพ่นยารั่ว,สายยางเสื่อมสภาพตามอายุ,95.5
1286,74,2026-08-02,เครื่องตัดหญ้าสั่นผิดปกติ,หัวเกียร์/ลูกปืนแตก,91.7
1287,91,2025-06-28,เครื่องตัดหญ้าเร่งไม่ขึ้น,คาร์บูเรเตอร์ตัน,76.1
1288,65,2025-05-28,เครื่องตัดหญ้าเร่งไม่ขึ้น,คาร์บูเรเตอร์ตัน,89.0
1289,36,2026-07-14,สายพ่นยารั่ว,สายยางเสื่อมสภาพตามอายุ,87.6
1290,11,2026-05-03,ปั๊มพ่นยาแรงดันตก,ซีลลูกสูบเสื่อม,78.7
1291,94,2025-12-09,ปั๊มน้ำสตาร์ทไม่ติด,แบตเตอรี่/สายไฟหลวม,90.5
1292,84,2025-03-12,ซีลน้ำรั่วซึม,ซีลกันน้ำเสื่อมสภาพ,90.9
1293,34,2025-05-17,ปั๊มน้ำแรงดันตก,ใบพัดปั๊มสึกหรือมีสิ่งอุดตัน,92.0
1294,129,2025-10-12,เครื่องตัดหญ้าเร่งไม่ขึ้น,คาร์บูเรเตอร์ตัน,95.6
1295,124,2025-05-08,ซีลน้ำรั่วซึม,ซีลกันน้ำเสื่อมสภาพ,97.1
1296,87,2025-08-18,ปั๊มพ่นยาแรงดันตก,ซีลลูกสูบเสื่อม,92.5
1297,37,2025-12-30,ปั๊มน้ำสตาร์ทไม่ติด,แบตเตอรี่/สายไฟหลวม,91.1
1298,102,2025-06-25,สายพ่นยารั่ว,สายยางเสื่อมสภาพตามอายุ,97.1
1299,94,2026-09-17,เครื่องตัดหญ้าเร่งไม่ขึ้น,คาร์บูเรเตอร์ตัน,72.5
1300,68,2025-11-03,ปั๊มน้ำสตาร์ทไม่ติด,แบตเตอรี่/สายไฟหลวม,85.0
1301,68,2025-12-20,ซีลน้ำรั่วซึม,ซีลกันน้ำเสื่อมสภาพ,86.4
1302,28,2026-05-11,ซีลน้ำรั่วซึม,ซีลกันน้ำเสื่อมสภาพ,88.9
1303,84,2026-01-02,ปั๊มน้ำสตาร์ทไม่ติด,แบตเตอรี่/สายไฟหลวม,95.6
1304,17,2025-06-21,ปั๊มพ่นยาแรงดันตก,ซีลลูกสูบเสื่อม,87.8
1305,78,2025-12-27,ปั๊มพ่นยาแรงดันตก,ซีลลูกสูบเสื่อม,88.2
1306,12,2025-04-01,ปั๊มน้ำแรงดันตก,ใบพัดปั๊มสึกหรือมีสิ่งอุดตัน,96.5
1307,30,2025-08-25,เครื่องตัดหญ้าสั่นผิดปกติ,หัวเกียร์/ลูกปืนแตก,72.7
1308,100,2026-02-22,ปั๊มน้ำแรงดันตก,ใบพัดปั๊มสึกหรือมีสิ่งอุดตัน,82.7
1309,108,2026-06-05,ปั๊มพ่นยาแรงดันตก,ซีลลูกสูบเสื่อม,86.4
1310,107,2026-07-19,ปั๊มน้ำแรงดันตก,ใบพัดปั๊มสึกหรือมีสิ่งอุดตัน,88.3
1311,105,2026-01-16,เครื่องตัดหญ้าเร่งไม่ขึ้น,คาร์บูเรเตอร์ตัน,96.3
1312,95,2025-08-06,ปั๊มน้ำสตาร์ทไม่ติด,แบตเตอรี่/สายไฟหลวม,76.1
1313,93,2025-12-12,ปั๊มน้ำแรงดันตก,ใบพัดปั๊มสึกหรือมีสิ่งอุดตัน,72.8
1314,92,2026-06-17,ซีลน้ำรั่วซึม,ซีลกันน้ำเสื่อมสภาพ,71.7
1315,32,2025-08-03,ปั๊มน้ำแรงดันตก,ใบพัดปั๊มสึกหรือมีสิ่งอุดตัน,96.6
1316,55,2025-12-20,ปั๊มน้ำสตาร์ทไม่ติด,แบตเตอรี่/สายไฟหลวม,88.0
1317,13,2026-04-09,ปั๊มน้ำสตาร์ทไม่ติด,แบตเตอรี่/สายไฟหลวม,92.0
1318,53,2025-07-09,ปั๊มน้ำแรงดันตก,ใบพัดปั๊มสึกหรือมีสิ่งอุดตัน,71.9
1319,54,2026-08-18,เครื่องตัดหญ้าเร่งไม่ขึ้น,คาร์บูเรเตอร์ตัน,86.4
1320,60,2026-09-24,สายพ่นยารั่ว,สายยางเสื่อมสภาพตามอายุ,79.2
1321,1,2025-04-25,สายพ่นยารั่ว,สายยางเสื่อมสภาพตามอายุ,77.8
1322,65,2025-04-23,ปั๊มน้ำแรงดันตก,ใบพัดปั๊มสึกหรือมีสิ่งอุดตัน,92.4
1323,7,2025-03-27,ปั๊มพ่นยาแรงดันตก,ซีลลูกสูบเสื่อม,73.7
1324,61,2025-10-06,สายพ่นยารั่ว,สายยางเสื่อมสภาพตามอายุ,86.5
1325,68,2025-01-13,ปั๊มน้ำแรงดันตก,ใบพัดปั๊มสึกหรือมีสิ่งอุดตัน,71.5
1326,135,2026-07-31,เครื่องตัดหญ้าสั่นผิดปกติ,หัวเกียร์/ลูกปืนแตก,73.2
1327,115,2025-02-19,เครื่องตัดหญ้าสั่นผิดปกติ,หัวเกียร์/ลูกปืนแตก,91.8
1328,28,2026-02-03,เครื่องตัดหญ้าเร่งไม่ขึ้น,คาร์บูเรเตอร์ตัน,82.7
1329,12,2025-06-22,เครื่องตัดหญ้าเร่งไม่ขึ้น,คาร์บูเรเตอร์ตัน,90.4
1330,78,2026-05-27,เครื่องตัดหญ้าเร่งไม่ขึ้น,คาร์บูเรเตอร์ตัน,82.8
1331,123,2025-01-25,ปั๊มน้ำสตาร์ทไม่ติด,แบตเตอรี่/สายไฟหลวม,93.7
1332,28,2025-11-28,ปั๊มพ่นยาแรงดันตก,ซีลลูกสูบเสื่อม,83.7
1333,21,2025-12-11,ปั๊มน้ำสตาร์ทไม่ติด,แบตเตอรี่/สายไฟหลวม,79.0
1334,33,2025-04-26,ปั๊มน้ำสตาร์ทไม่ติด,แบตเตอรี่/สายไฟหลวม,77.7
1335,84,2026-05-07,เครื่องตัดหญ้าเร่งไม่ขึ้น,คาร์บูเรเตอร์ตัน,80.7
1336,76,2026-04-10,เครื่องตัดหญ้าเร่งไม่ขึ้น,คาร์บูเรเตอร์ตัน,82.7
1337,26,2026-04-16,เครื่องตัดหญ้าสั่นผิดปกติ,หัวเกียร์/ลูกปืนแตก,92.2
1338,56,2025-03-30,สายพ่นยารั่ว,สายยางเสื่อมสภาพตามอายุ,82.0
1339,87,2025-06-27,เครื่องตัดหญ้าสั่นผิดปกติ,หัวเกียร์/ลูกปืนแตก,93.2
1340,25,2025-11-06,เครื่องตัดหญ้าสั่นผิดปกติ,หัวเกียร์/ลูกปืนแตก,78.8
1341,66,2025-08-31,ปั๊มพ่นยาแรงดันตก,ซีลลูกสูบเสื่อม,80.5
1342,122,2025-04-29,ปั๊มพ่นยาแรงดันตก,ซีลลูกสูบเสื่อม,71.9
1343,111,2025-03-08,ปั๊มน้ำสตาร์ทไม่ติด,แบตเตอรี่/สายไฟหลวม,72.7
1344,34,2026-07-28,ซีลน้ำรั่วซึม,ซีลกันน้ำเสื่อมสภาพ,85.6
1345,85,2026-04-01,เครื่องตัดหญ้าเร่งไม่ขึ้น,คาร์บูเรเตอร์ตัน,88.8
1346,109,2025-11-16,ซีลน้ำรั่วซึม,ซีลกันน้ำเสื่อมสภาพ,94.3
1347,74,2026-07-15,ปั๊มน้ำสตาร์ทไม่ติด,แบตเตอรี่/สายไฟหลวม,86.8
1348,130,2025-10-01,ปั๊มน้ำสตาร์ทไม่ติด,แบตเตอรี่/สายไฟหลวม,76.0
1349,58,2026-05-26,เครื่องตัดหญ้าสั่นผิดปกติ,หัวเกียร์/ลูกปืนแตก,93.7
1350,95,2025-09-29,สายพ่นยารั่ว,สายยางเสื่อมสภาพตามอายุ,73.2
1351,58,2025-08-05,เครื่องตัดหญ้าเร่งไม่ขึ้น,คาร์บูเรเตอร์ตัน,92.6
1352,7,2026-03-12,สายพ่นยารั่ว,สายยางเสื่อมสภาพตามอายุ,87.1
1353,69,2026-05-26,สายพ่นยารั่ว,สายยางเสื่อมสภาพตามอายุ,70.8
1354,80,2025-08-01,ปั๊มพ่นยาแรงดันตก,ซีลลูกสูบเสื่อม,95.8
1355,47,2025-09-30,ปั๊มน้ำสตาร์ทไม่ติด,แบตเตอรี่/สายไฟหลวม,94.4
1356,103,2026-03-16,ปั๊มพ่นยาแรงดันตก,ซีลลูกสูบเสื่อม,71.9
1357,8,2026-07-30,ปั๊มพ่นยาแรงดันตก,ซีลลูกสูบเสื่อม,72.6
1358,97,2026-02-17,ปั๊มน้ำแรงดันตก,ใบพัดปั๊มสึกหรือมีสิ่งอุดตัน,81.8
1359,95,2025-09-22,ปั๊มน้ำแรงดันตก,ใบพัดปั๊มสึกหรือมีสิ่งอุดตัน,78.7
1360,22,2025-09-09,สายพ่นยารั่ว,สายยางเสื่อมสภาพตามอายุ,94.7
1361,13,2025-05-01,ปั๊มน้ำแรงดันตก,ใบพัดปั๊มสึกหรือมีสิ่งอุดตัน,88.9
1362,109,2025-07-31,เครื่องตัดหญ้าสั่นผิดปกติ,หัวเกียร์/ลูกปืนแตก,83.6
1363,70,2025-12-10,เครื่องตัดหญ้าสั่นผิดปกติ,หัวเกียร์/ลูกปืนแตก,76.0
1364,89,2026-02-02,ปั๊มน้ำสตาร์ทไม่ติด,แบตเตอรี่/สายไฟหลวม,82.0
1365,125,2025-08-09,ปั๊มพ่นยาแรงดันตก,ซีลลูกสูบเสื่อม,84.8
1366,57,2025-08-28,ปั๊มน้ำสตาร์ทไม่ติด,แบตเตอรี่/สายไฟหลวม,81.1
1367,2,2026-04-11,ปั๊มน้ำสตาร์ทไม่ติด,แบตเตอรี่/สายไฟหลวม,75.7
1368,36,2025-06-14,สายพ่นยารั่ว,สายยางเสื่อมสภาพตามอายุ,91.4
1369,31,2025-08-13,ซีลน้ำรั่วซึม,ซีลกันน้ำเสื่อมสภาพ,70.2
1370,45,2026-08-04,เครื่องตัดหญ้าสั่นผิดปกติ,หัวเกียร์/ลูกปืนแตก,73.6
1371,59,2026-02-18,ปั๊มพ่นยาแรงดันตก,ซีลลูกสูบเสื่อม,84.0
1372,91,2026-06-03,สายพ่นยารั่ว,สายยางเสื่อมสภาพตามอายุ,72.0
1373,112,2026-07-31,ปั๊มน้ำสตาร์ทไม่ติด,แบตเตอรี่/สายไฟหลวม,70.5
1374,81,2025-03-02,สายพ่นยารั่ว,สายยางเสื่อมสภาพตามอายุ,86.1
1375,107,2026-03-22,เครื่องตัดหญ้าสั่นผิดปกติ,หัวเกียร์/ลูกปืนแตก,78.1
1376,84,2025-11-11,ปั๊มน้ำสตาร์ทไม่ติด,แบตเตอรี่/สายไฟหลวม,74.8
1377,93,2026-04-26,เครื่องตัดหญ้าสั่นผิดปกติ,หัวเกียร์/ลูกปืนแตก,72.5
1378,112,2025-03-24,ปั๊มน้ำแรงดันตก,ใบพัดปั๊มสึกหรือมีสิ่งอุดตัน,86.5
1379,102,2026-02-11,ปั๊มน้ำสตาร์ทไม่ติด,แบตเตอรี่/สายไฟหลวม,94.4
1380,57,2026-08-03,ซีลน้ำรั่วซึม,ซีลกันน้ำเสื่อมสภาพ,79.3
1381,131,2025-05-11,ปั๊มน้ำสตาร์ทไม่ติด,แบตเตอรี่/สายไฟหลวม,87.7
1382,50,2026-02-17,เครื่องตัดหญ้าเร่งไม่ขึ้น,คาร์บูเรเตอร์ตัน,95.4
1383,38,2025-09-29,ซีลน้ำรั่วซึม,ซีลกันน้ำเสื่อมสภาพ,76.6
1384,51,2025-04-24,ซีลน้ำรั่วซึม,ซีลกันน้ำเสื่อมสภาพ,74.9
1385,20,2025-04-29,สายพ่นยารั่ว,สายยางเสื่อมสภาพตามอายุ,75.0
1386,127,2026-08-24,ปั๊มพ่นยาแรงดันตก,ซีลลูกสูบเสื่อม,83.0
1387,115,2026-03-14,สายพ่นยารั่ว,สายยางเสื่อมสภาพตามอายุ,89.1
1388,83,2026-03-15,ปั๊มพ่นยาแรงดันตก,ซีลลูกสูบเสื่อม,94.2
1389,39,2026-05-03,ซีลน้ำรั่วซึม,ซีลกันน้ำเสื่อมสภาพ,82.3
1390,78,2025-12-31,เครื่องตัดหญ้าสั่นผิดปกติ,หัวเกียร์/ลูกปืนแตก,92.3
1391,91,2026-04-05,ปั๊มน้ำสตาร์ทไม่ติด,แบตเตอรี่/สายไฟหลวม,84.2
1392,116,2025-08-30,เครื่องตัดหญ้าสั่นผิดปกติ,หัวเกียร์/ลูกปืนแตก,71.1
1393,74,2025-10-14,สายพ่นยารั่ว,สายยางเสื่อมสภาพตามอายุ,72.1
1394,130,2025-03-12,เครื่องตัดหญ้าเร่งไม่ขึ้น,คาร์บูเรเตอร์ตัน,80.8
1395,11,2026-03-27,เครื่องตัดหญ้าเร่งไม่ขึ้น,คาร์บูเรเตอร์ตัน,82.6
1396,49,2026-09-22,เครื่องตัดหญ้าเร่งไม่ขึ้น,คาร์บูเรเตอร์ตัน,79.0
1397,39,2026-01-05,เครื่องตัดหญ้าเร่งไม่ขึ้น,คาร์บูเรเตอร์ตัน,96.8
1398,88,2025-12-16,ปั๊มน้ำสตาร์ทไม่ติด,แบตเตอรี่/สายไฟหลวม,97.5
1399,45,2025-03-07,เครื่องตัดหญ้าเร่งไม่ขึ้น,คาร์บูเรเตอร์ตัน,71.1
1400,113,2026-07-04,เครื่องตัดหญ้าสั่นผิดปกติ,หัวเกียร์/ลูกปืนแตก,84.7
1401,94,2026-04-19,ปั๊มน้ำแรงดันตก,ใบพัดปั๊มสึกหรือมีสิ่งอุดตัน,80.4
1402,105,2025-08-08,เครื่องตัดหญ้าสั่นผิดปกติ,หัวเกียร์/ลูกปืนแตก,91.7
1403,14,2026-06-12,เครื่องตัดหญ้าเร่งไม่ขึ้น,คาร์บูเรเตอร์ตัน,92.1
1404,17,2026-05-18,ซีลน้ำรั่วซึม,ซีลกันน้ำเสื่อมสภาพ,79.2
1405,99,2026-03-10,ปั๊มพ่นยาแรงดันตก,ซีลลูกสูบเสื่อม,78.0
1406,39,2026-07-17,สายพ่นยารั่ว,สายยางเสื่อมสภาพตามอายุ,79.3
1407,37,2026-03-29,ปั๊มพ่นยาแรงดันตก,ซีลลูกสูบเสื่อม,95.7
1408,101,2025-08-29,ปั๊มพ่นยาแรงดันตก,ซีลลูกสูบเสื่อม,73.6
1409,80,2026-07-05,ปั๊มน้ำสตาร์ทไม่ติด,แบตเตอรี่/สายไฟหลวม,85.6
1410,85,2026-05-15,สายพ่นยารั่ว,สายยางเสื่อมสภาพตามอายุ,92.8
1411,135,2026-06-05,ปั๊มพ่นยาแรงดันตก,ซีลลูกสูบเสื่อม,72.6
1412,131,2026-06-05,เครื่องตัดหญ้าสั่นผิดปกติ,หัวเกียร์/ลูกปืนแตก,80.1
1413,47,2025-10-09,ซีลน้ำรั่วซึม,ซีลกันน้ำเสื่อมสภาพ,96.6
1414,125,2025-09-23,สายพ่นยารั่ว,สายยางเสื่อมสภาพตามอายุ,75.4
1415,20,2025-04-17,ปั๊มน้ำแรงดันตก,ใบพัดปั๊มสึกหรือมีสิ่งอุดตัน,78.3
1416,130,2026-09-05,ปั๊มน้ำสตาร์ทไม่ติด,แบตเตอรี่/สายไฟหลวม,91.6
1417,10,2026-07-28,เครื่องตัดหญ้าเร่งไม่ขึ้น,คาร์บูเรเตอร์ตัน,88.5
1418,34,2026-08-19,เครื่องตัดหญ้าเร่งไม่ขึ้น,คาร์บูเรเตอร์ตัน,86.7
1419,47,2025-04-30,ปั๊มน้ำแรงดันตก,ใบพัดปั๊มสึกหรือมีสิ่งอุดตัน,93.3
1420,43,2026-08-22,เครื่องตัดหญ้าเร่งไม่ขึ้น,คาร์บูเรเตอร์ตัน,90.2
1421,94,2025-02-03,เครื่องตัดหญ้าสั่นผิดปกติ,หัวเกียร์/ลูกปืนแตก,88.9
1422,73,2025-07-04,เครื่องตัดหญ้าสั่นผิดปกติ,หัวเกียร์/ลูกปืนแตก,91.1
1423,60,2026-09-01,เครื่องตัดหญ้าสั่นผิดปกติ,หัวเกียร์/ลูกปืนแตก,85.0
1424,121,2025-08-29,สายพ่นยารั่ว,สายยางเสื่อมสภาพตามอายุ,95.3
1425,113,2025-05-31,ซีลน้ำรั่วซึม,ซีลกันน้ำเสื่อมสภาพ,82.9
1426,98,2025-08-07,สายพ่นยารั่ว,สายยางเสื่อมสภาพตามอายุ,84.1
1427,52,2025-11-22,ปั๊มน้ำแรงดันตก,ใบพัดปั๊มสึกหรือมีสิ่งอุดตัน,92.4
1428,65,2025-04-18,สายพ่นยารั่ว,สายยางเสื่อมสภาพตามอายุ,71.5
1429,96,2026-01-09,สายพ่นยารั่ว,สายยางเสื่อมสภาพตามอายุ,85.5
1430,133,2025-03-21,ปั๊มพ่นยาแรงดันตก,ซีลลูกสูบเสื่อม,93.8
1431,42,2025-08-10,ปั๊มน้ำสตาร์ทไม่ติด,แบตเตอรี่/สายไฟหลวม,77.6
1432,112,2026-02-03,ปั๊มน้ำแรงดันตก,ใบพัดปั๊มสึกหรือมีสิ่งอุดตัน,72.6
1433,116,2025-06-22,สายพ่นยารั่ว,สายยางเสื่อมสภาพตามอายุ,94.8
1434,14,2025-01-21,เครื่องตัดหญ้าสั่นผิดปกติ,หัวเกียร์/ลูกปืนแตก,81.1
1435,99,2025-10-18,ปั๊มน้ำแรงดันตก,ใบพัดปั๊มสึกหรือมีสิ่งอุดตัน,97.8
1436,8,2025-10-19,ปั๊มน้ำแรงดันตก,ใบพัดปั๊มสึกหรือมีสิ่งอุดตัน,78.9
1437,86,2025-03-18,สายพ่นยารั่ว,สายยางเสื่อมสภาพตามอายุ,92.2
1438,74,2025-04-17,ปั๊มน้ำสตาร์ทไม่ติด,แบตเตอรี่/สายไฟหลวม,95.7
1439,36,2026-01-02,ปั๊มพ่นยาแรงดันตก,ซีลลูกสูบเสื่อม,91.2
1440,2,2025-12-31,เครื่องตัดหญ้าสั่นผิดปกติ,หัวเกียร์/ลูกปืนแตก,95.4
1441,56,2025-01-15,ซีลน้ำรั่วซึม,ซีลกันน้ำเสื่อมสภาพ,93.4
1442,109,2026-03-03,ปั๊มพ่นยาแรงดันตก,ซีลลูกสูบเสื่อม,73.1
1443,78,2025-08-12,ปั๊มน้ำแรงดันตก,ใบพัดปั๊มสึกหรือมีสิ่งอุดตัน,73.4
1444,118,2025-07-05,เครื่องตัดหญ้าสั่นผิดปกติ,หัวเกียร์/ลูกปืนแตก,71.8
1445,5,2026-01-24,เครื่องตัดหญ้าเร่งไม่ขึ้น,คาร์บูเรเตอร์ตัน,87.7
1446,37,2026-03-23,ปั๊มน้ำแรงดันตก,ใบพัดปั๊มสึกหรือมีสิ่งอุดตัน,78.2
1447,91,2025-01-02,เครื่องตัดหญ้าเร่งไม่ขึ้น,คาร์บูเรเตอร์ตัน,76.7
1448,22,2025-11-20,ปั๊มน้ำแรงดันตก,ใบพัดปั๊มสึกหรือมีสิ่งอุดตัน,84.7
1449,135,2025-10-08,ปั๊มน้ำสตาร์ทไม่ติด,แบตเตอรี่/สายไฟหลวม,85.2
1450,6,2026-09-03,เครื่องตัดหญ้าเร่งไม่ขึ้น,คาร์บูเรเตอร์ตัน,80.9
1451,100,2026-01-01,ปั๊มน้ำสตาร์ทไม่ติด,แบตเตอรี่/สายไฟหลวม,97.5
1452,5,2025-07-17,ปั๊มพ่นยาแรงดันตก,ซีลลูกสูบเสื่อม,80.0
1453,62,2025-02-22,ซีลน้ำรั่วซึม,ซีลกันน้ำเสื่อมสภาพ,90.5
1454,86,2026-05-03,ปั๊มน้ำสตาร์ทไม่ติด,แบตเตอรี่/สายไฟหลวม,73.7
1455,87,2025-10-01,เครื่องตัดหญ้าเร่งไม่ขึ้น,คาร์บูเรเตอร์ตัน,92.8
1456,119,2025-05-16,สายพ่นยารั่ว,สายยางเสื่อมสภาพตามอายุ,97.5
1457,47,2026-01-07,ปั๊มพ่นยาแรงดันตก,ซีลลูกสูบเสื่อม,92.7
1458,118,2025-02-19,ปั๊มพ่นยาแรงดันตก,ซีลลูกสูบเสื่อม,71.0
1459,52,2025-06-06,ปั๊มน้ำสตาร์ทไม่ติด,แบตเตอรี่/สายไฟหลวม,94.8
1460,132,2025-09-03,ซีลน้ำรั่วซึม,ซีลกันน้ำเสื่อมสภาพ,81.2
1461,122,2026-09-26,เครื่องตัดหญ้าเร่งไม่ขึ้น,คาร์บูเรเตอร์ตัน,77.1
1462,49,2026-08-09,ปั๊มพ่นยาแรงดันตก,ซีลลูกสูบเสื่อม,78.0
1463,85,2026-08-30,ปั๊มน้ำสตาร์ทไม่ติด,แบตเตอรี่/สายไฟหลวม,77.7
1464,112,2026-09-13,ซีลน้ำรั่วซึม,ซีลกันน้ำเสื่อมสภาพ,94.9
1465,99,2026-08-01,เครื่องตัดหญ้าสั่นผิดปกติ,หัวเกียร์/ลูกปืนแตก,79.5
1466,128,2025-05-26,เครื่องตัดหญ้าสั่นผิดปกติ,หัวเกียร์/ลูกปืนแตก,80.3
1467,69,2026-09-12,เครื่องตัดหญ้าเร่งไม่ขึ้น,คาร์บูเรเตอร์ตัน,92.4
1468,21,2026-07-19,เครื่องตัดหญ้าสั่นผิดปกติ,หัวเกียร์/ลูกปืนแตก,82.1
1469,76,2025-05-21,เครื่องตัดหญ้าเร่งไม่ขึ้น,คาร์บูเรเตอร์ตัน,79.0
1470,76,2025-03-04,ซีลน้ำรั่วซึม,ซีลกันน้ำเสื่อมสภาพ,78.6
1471,110,2026-04-14,ปั๊มพ่นยาแรงดันตก,ซีลลูกสูบเสื่อม,74.7
1472,115,2025-12-11,ซีลน้ำรั่วซึม,ซีลกันน้ำเสื่อมสภาพ,71.2
1473,112,2025-10-01,เครื่องตัดหญ้าเร่งไม่ขึ้น,คาร์บูเรเตอร์ตัน,77.7
1474,20,2026-09-07,ปั๊มน้ำสตาร์ทไม่ติด,แบตเตอรี่/สายไฟหลวม,88.8
1475,132,2025-11-12,ซีลน้ำรั่วซึม,ซีลกันน้ำเสื่อมสภาพ,92.4
1476,8,2026-06-12,ปั๊มน้ำแรงดันตก,ใบพัดปั๊มสึกหรือมีสิ่งอุดตัน,74.0
1477,113,2026-04-17,ปั๊มพ่นยาแรงดันตก,ซีลลูกสูบเสื่อม,71.0
1478,94,2025-02-22,ปั๊มน้ำแรงดันตก,ใบพัดปั๊มสึกหรือมีสิ่งอุดตัน,80.1
1479,40,2026-03-17,ปั๊มน้ำสตาร์ทไม่ติด,แบตเตอรี่/สายไฟหลวม,89.0
1480,114,2025-10-16,ซีลน้ำรั่วซึม,ซีลกันน้ำเสื่อมสภาพ,91.4
1481,94,2026-03-22,ปั๊มน้ำแรงดันตก,ใบพัดปั๊มสึกหรือมีสิ่งอุดตัน,81.1
1482,64,2026-05-20,ซีลน้ำรั่วซึม,ซีลกันน้ำเสื่อมสภาพ,96.9
1483,48,2025-01-21,ปั๊มพ่นยาแรงดันตก,ซีลลูกสูบเสื่อม,84.0
1484,31,2025-10-28,เครื่องตัดหญ้าเร่งไม่ขึ้น,คาร์บูเรเตอร์ตัน,77.3
1485,115,2025-07-22,ปั๊มพ่นยาแรงดันตก,ซีลลูกสูบเสื่อม,76.0
1486,126,2026-04-21,ซีลน้ำรั่วซึม,ซีลกันน้ำเสื่อมสภาพ,75.6
1487,19,2025-04-16,สายพ่นยารั่ว,สายยางเสื่อมสภาพตามอายุ,82.7
1488,23,2026-07-09,เครื่องตัดหญ้าสั่นผิดปกติ,หัวเกียร์/ลูกปืนแตก,92.7
1489,89,2025-09-06,ปั๊มพ่นยาแรงดันตก,ซีลลูกสูบเสื่อม,89.9
1490,75,2026-03-04,เครื่องตัดหญ้าเร่งไม่ขึ้น,คาร์บูเรเตอร์ตัน,95.0
1491,45,2025-05-03,ปั๊มพ่นยาแรงดันตก,ซีลลูกสูบเสื่อม,92.2
1492,32,2026-01-31,ปั๊มน้ำแรงดันตก,ใบพัดปั๊มสึกหรือมีสิ่งอุดตัน,97.6
1493,61,2026-09-08,ปั๊มน้ำแรงดันตก,ใบพัดปั๊มสึกหรือมีสิ่งอุดตัน,92.1
1494,95,2025-01-21,ซีลน้ำรั่วซึม,ซีลกันน้ำเสื่อมสภาพ,83.1
1495,23,2026-03-05,ปั๊มน้ำแรงดันตก,ใบพัดปั๊มสึกหรือมีสิ่งอุดตัน,71.8
1496,123,2025-11-06,ปั๊มพ่นยาแรงดันตก,ซีลลูกสูบเสื่อม,84.7
1497,19,2026-08-21,เครื่องตัดหญ้าสั่นผิดปกติ,หัวเกียร์/ลูกปืนแตก,73.5
1498,19,2025-09-04,ปั๊มพ่นยาแรงดันตก,ซีลลูกสูบเสื่อม,82.6
1499,89,2026-06-13,เครื่องตัดหญ้าเร่งไม่ขึ้น,คาร์บูเรเตอร์ตัน,73.6
1500,47,2026-08-30,เครื่องตัดหญ้าเร่งไม่ขึ้น,คาร์บูเรเตอร์ตัน,91.5
1501,129,2025-04-11,เครื่องตัดหญ้าสั่นผิดปกติ,หัวเกียร์/ลูกปืนแตก,95.5
1502,32,2025-02-13,สายพ่นยารั่ว,สายยางเสื่อมสภาพตามอายุ,84.5
1503,42,2025-08-25,ปั๊มน้ำแรงดันตก,ใบพัดปั๊มสึกหรือมีสิ่งอุดตัน,79.0
1504,89,2026-07-05,ปั๊มน้ำแรงดันตก,ใบพัดปั๊มสึกหรือมีสิ่งอุดตัน,96.5
1505,21,2026-02-08,ซีลน้ำรั่วซึม,ซีลกันน้ำเสื่อมสภาพ,77.0
1506,71,2026-05-09,เครื่องตัดหญ้าเร่งไม่ขึ้น,คาร์บูเรเตอร์ตัน,73.5
1507,24,2025-08-24,เครื่องตัดหญ้าเร่งไม่ขึ้น,คาร์บูเรเตอร์ตัน,84.1
1508,40,2025-05-11,เครื่องตัดหญ้าเร่งไม่ขึ้น,คาร์บูเรเตอร์ตัน,74.8
1509,87,2026-05-01,ปั๊มพ่นยาแรงดันตก,ซีลลูกสูบเสื่อม,93.6
1510,8,2026-03-14,ปั๊มน้ำสตาร์ทไม่ติด,แบตเตอรี่/สายไฟหลวม,72.3
1511,68,2026-05-14,สายพ่นยารั่ว,สายยางเสื่อมสภาพตามอายุ,88.2
1512,107,2026-08-19,เครื่องตัดหญ้าเร่งไม่ขึ้น,คาร์บูเรเตอร์ตัน,87.3
1513,75,2025-01-24,เครื่องตัดหญ้าสั่นผิดปกติ,หัวเกียร์/ลูกปืนแตก,88.0
1514,63,2025-08-23,เครื่องตัดหญ้าสั่นผิดปกติ,หัวเกียร์/ลูกปืนแตก,92.5
1515,77,2026-06-17,เครื่องตัดหญ้าสั่นผิดปกติ,หัวเกียร์/ลูกปืนแตก,82.7
1516,41,2026-06-19,ปั๊มน้ำสตาร์ทไม่ติด,แบตเตอรี่/สายไฟหลวม,82.3
1517,53,2026-01-12,เครื่องตัดหญ้าสั่นผิดปกติ,หัวเกียร์/ลูกปืนแตก,79.5
1518,82,2025-04-22,ซีลน้ำรั่วซึม,ซีลกันน้ำเสื่อมสภาพ,90.6
1519,34,2025-09-26,เครื่องตัดหญ้าสั่นผิดปกติ,หัวเกียร์/ลูกปืนแตก,91.3
1520,28,2026-02-04,เครื่องตัดหญ้าเร่งไม่ขึ้น,คาร์บูเรเตอร์ตัน,78.9
1521,69,2025-12-29,ปั๊มน้ำสตาร์ทไม่ติด,แบตเตอรี่/สายไฟหลวม,82.6
1522,13,2025-04-20,ปั๊มน้ำสตาร์ทไม่ติด,แบตเตอรี่/สายไฟหลวม,78.1
1523,108,2025-10-26,สายพ่นยารั่ว,สายยางเสื่อมสภาพตามอายุ,77.0
1524,84,2025-05-05,สายพ่นยารั่ว,สายยางเสื่อมสภาพตามอายุ,96.1
1525,49,2026-07-15,ซีลน้ำรั่วซึม,ซีลกันน้ำเสื่อมสภาพ,91.4
1526,120,2026-01-23,เครื่องตัดหญ้าเร่งไม่ขึ้น,คาร์บูเรเตอร์ตัน,84.0
1527,6,2025-08-28,เครื่องตัดหญ้าสั่นผิดปกติ,หัวเกียร์/ลูกปืนแตก,72.5
1528,118,2025-11-02,เครื่องตัดหญ้าเร่งไม่ขึ้น,คาร์บูเรเตอร์ตัน,97.1
1529,91,2025-06-17,เครื่องตัดหญ้าเร่งไม่ขึ้น,คาร์บูเรเตอร์ตัน,71.4
1530,121,2025-08-07,เครื่องตัดหญ้าสั่นผิดปกติ,หัวเกียร์/ลูกปืนแตก,78.0
1531,28,2025-01-07,สายพ่นยารั่ว,สายยางเสื่อมสภาพตามอายุ,82.1
1532,94,2025-07-25,ปั๊มพ่นยาแรงดันตก,ซีลลูกสูบเสื่อม,91.4
1533,103,2025-10-12,ปั๊มน้ำสตาร์ทไม่ติด,แบตเตอรี่/สายไฟหลวม,71.4
1534,93,2026-03-13,ปั๊มน้ำแรงดันตก,ใบพัดปั๊มสึกหรือมีสิ่งอุดตัน,85.5
1535,130,2025-02-27,เครื่องตัดหญ้าสั่นผิดปกติ,หัวเกียร์/ลูกปืนแตก,82.6
1536,31,2026-03-04,ซีลน้ำรั่วซึม,ซีลกันน้ำเสื่อมสภาพ,73.6
1537,96,2025-03-17,เครื่องตัดหญ้าสั่นผิดปกติ,หัวเกียร์/ลูกปืนแตก,92.3
1538,94,2025-09-21,เครื่องตัดหญ้าเร่งไม่ขึ้น,คาร์บูเรเตอร์ตัน,91.1
1539,131,2025-06-04,เครื่องตัดหญ้าเร่งไม่ขึ้น,คาร์บูเรเตอร์ตัน,81.2
1540,10,2025-02-01,ปั๊มน้ำสตาร์ทไม่ติด,แบตเตอรี่/สายไฟหลวม,73.8
1541,122,2025-09-16,สายพ่นยารั่ว,สายยางเสื่อมสภาพตามอายุ,84.5
1542,132,2025-04-26,เครื่องตัดหญ้าเร่งไม่ขึ้น,คาร์บูเรเตอร์ตัน,73.9
1543,42,2026-04-22,ซีลน้ำรั่วซึม,ซีลกันน้ำเสื่อมสภาพ,81.0
1544,77,2026-04-24,ปั๊มพ่นยาแรงดันตก,ซีลลูกสูบเสื่อม,86.6
1545,131,2026-01-30,สายพ่นยารั่ว,สายยางเสื่อมสภาพตามอายุ,84.9
1546,77,2026-07-05,เครื่องตัดหญ้าเร่งไม่ขึ้น,คาร์บูเรเตอร์ตัน,83.3
1547,85,2025-01-13,ซีลน้ำรั่วซึม,ซีลกันน้ำเสื่อมสภาพ,88.9
1548,79,2025-11-20,เครื่องตัดหญ้าเร่งไม่ขึ้น,คาร์บูเรเตอร์ตัน,92.3
1549,7,2026-07-18,สายพ่นยารั่ว,สายยางเสื่อมสภาพตามอายุ,86.7
1550,59,2025-07-26,ปั๊มพ่นยาแรงดันตก,ซีลลูกสูบเสื่อม,90.2
1551,44,2026-03-30,เครื่องตัดหญ้าสั่นผิดปกติ,หัวเกียร์/ลูกปืนแตก,84.7
1552,98,2026-07-15,เครื่องตัดหญ้าเร่งไม่ขึ้น,คาร์บูเรเตอร์ตัน,74.1
1553,9,2026-06-13,ปั๊มน้ำแรงดันตก,ใบพัดปั๊มสึกหรือมีสิ่งอุดตัน,86.0
1554,49,2026-06-29,ปั๊มน้ำสตาร์ทไม่ติด,แบตเตอรี่/สายไฟหลวม,70.5
1555,39,2025-09-01,เครื่องตัดหญ้าสั่นผิดปกติ,หัวเกียร์/ลูกปืนแตก,81.6
1556,129,2025-06-08,เครื่องตัดหญ้าสั่นผิดปกติ,หัวเกียร์/ลูกปืนแตก,91.7
1557,16,2026-01-02,สายพ่นยารั่ว,สายยางเสื่อมสภาพตามอายุ,89.8
1558,84,2026-02-07,ปั๊มน้ำแรงดันตก,ใบพัดปั๊มสึกหรือมีสิ่งอุดตัน,97.9
1559,97,2026-01-07,เครื่องตัดหญ้าเร่งไม่ขึ้น,คาร์บูเรเตอร์ตัน,78.8
1560,88,2025-05-15,เครื่องตัดหญ้าสั่นผิดปกติ,หัวเกียร์/ลูกปืนแตก,85.3
1561,68,2026-06-09,สายพ่นยารั่ว,สายยางเสื่อมสภาพตามอายุ,87.1
1562,72,2025-05-30,ปั๊มน้ำแรงดันตก,ใบพัดปั๊มสึกหรือมีสิ่งอุดตัน,85.6
1563,74,2025-06-24,ซีลน้ำรั่วซึม,ซีลกันน้ำเสื่อมสภาพ,89.7
1564,126,2026-06-21,ปั๊มพ่นยาแรงดันตก,ซีลลูกสูบเสื่อม,78.9
1565,71,2025-09-28,เครื่องตัดหญ้าเร่งไม่ขึ้น,คาร์บูเรเตอร์ตัน,78.1
1566,98,2026-03-22,ปั๊มพ่นยาแรงดันตก,ซีลลูกสูบเสื่อม,95.1
1567,89,2025-11-03,สายพ่นยารั่ว,สายยางเสื่อมสภาพตามอายุ,96.7
1568,75,2026-09-17,ปั๊มน้ำแรงดันตก,ใบพัดปั๊มสึกหรือมีสิ่งอุดตัน,71.2
1569,89,2026-07-09,ปั๊มน้ำสตาร์ทไม่ติด,แบตเตอรี่/สายไฟหลวม,95.9
1570,123,2026-05-25,ซีลน้ำรั่วซึม,ซีลกันน้ำเสื่อมสภาพ,76.0
1571,70,2026-02-23,ซีลน้ำรั่วซึม,ซีลกันน้ำเสื่อมสภาพ,73.8
1572,62,2026-04-24,ปั๊มพ่นยาแรงดันตก,ซีลลูกสูบเสื่อม,76.8
1573,58,2026-06-05,เครื่องตัดหญ้าเร่งไม่ขึ้น,คาร์บูเรเตอร์ตัน,87.9
1574,106,2025-02-10,ปั๊มน้ำสตาร์ทไม่ติด,แบตเตอรี่/สายไฟหลวม,79.2
1575,36,2026-01-02,ปั๊มน้ำสตาร์ทไม่ติด,แบตเตอรี่/สายไฟหลวม,70.1
1576,105,2026-03-04,ปั๊มน้ำแรงดันตก,ใบพัดปั๊มสึกหรือมีสิ่งอุดตัน,88.3
1577,52,2026-01-05,เครื่องตัดหญ้าสั่นผิดปกติ,หัวเกียร์/ลูกปืนแตก,91.2
1578,74,2025-08-12,ซีลน้ำรั่วซึม,ซีลกันน้ำเสื่อมสภาพ,88.1
1579,60,2026-08-21,ปั๊มน้ำสตาร์ทไม่ติด,แบตเตอรี่/สายไฟหลวม,85.0
1580,10,2026-07-16,สายพ่นยารั่ว,สายยางเสื่อมสภาพตามอายุ,95.6
1581,46,2025-05-16,เครื่องตัดหญ้าสั่นผิดปกติ,หัวเกียร์/ลูกปืนแตก,96.1
1582,102,2025-01-29,สายพ่นยารั่ว,สายยางเสื่อมสภาพตามอายุ,92.1
1583,75,2025-05-25,ปั๊มพ่นยาแรงดันตก,ซีลลูกสูบเสื่อม,94.5
1584,28,2025-01-08,ซีลน้ำรั่วซึม,ซีลกันน้ำเสื่อมสภาพ,96.0
1585,117,2025-09-18,ซีลน้ำรั่วซึม,ซีลกันน้ำเสื่อมสภาพ,97.7
1586,127,2026-02-26,เครื่องตัดหญ้าเร่งไม่ขึ้น,คาร์บูเรเตอร์ตัน,94.9
1587,130,2025-04-15,สายพ่นยารั่ว,สายยางเสื่อมสภาพตามอายุ,83.1
1588,29,2025-05-30,สายพ่นยารั่ว,สายยางเสื่อมสภาพตามอายุ,79.3
1589,66,2026-07-22,เครื่องตัดหญ้าสั่นผิดปกติ,หัวเกียร์/ลูกปืนแตก,90.1
1590,87,2025-01-11,ปั๊มพ่นยาแรงดันตก,ซีลลูกสูบเสื่อม,92.1
1591,50,2026-03-18,ปั๊มพ่นยาแรงดันตก,ซีลลูกสูบเสื่อม,74.9
1592,110,2026-05-12,เครื่องตัดหญ้าสั่นผิดปกติ,หัวเกียร์/ลูกปืนแตก,84.4
1593,25,2025-03-09,เครื่องตัดหญ้าสั่นผิดปกติ,หัวเกียร์/ลูกปืนแตก,75.2
1594,83,2025-04-20,เครื่องตัดหญ้าสั่นผิดปกติ,หัวเกียร์/ลูกปืนแตก,96.2
1595,99,2025-01-06,ซีลน้ำรั่วซึม,ซีลกันน้ำเสื่อมสภาพ,76.6
1596,85,2026-08-09,ซีลน้ำรั่วซึม,ซีลกันน้ำเสื่อมสภาพ,78.5
1597,3,2026-07-16,เครื่องตัดหญ้าเร่งไม่ขึ้น,คาร์บูเรเตอร์ตัน,77.3
1598,61,2025-10-07,ปั๊มพ่นยาแรงดันตก,ซีลลูกสูบเสื่อม,71.7
1599,79,2025-04-02,เครื่องตัดหญ้าสั่นผิดปกติ,หัวเกียร์/ลูกปืนแตก,74.5
1600,80,2026-06-17,เครื่องตัดหญ้าเร่งไม่ขึ้น,คาร์บูเรเตอร์ตัน,89.3
1601,95,2026-05-12,ซีลน้ำรั่วซึม,ซีลกันน้ำเสื่อมสภาพ,87.2
1602,123,2025-06-20,ปั๊มน้ำแรงดันตก,ใบพัดปั๊มสึกหรือมีสิ่งอุดตัน,74.3
1603,96,2026-08-04,เครื่องตัดหญ้าเร่งไม่ขึ้น,คาร์บูเรเตอร์ตัน,81.6
1604,56,2026-03-03,เครื่องตัดหญ้าสั่นผิดปกติ,หัวเกียร์/ลูกปืนแตก,91.3
1605,21,2026-06-13,สายพ่นยารั่ว,สายยางเสื่อมสภาพตามอายุ,84.7
1606,93,2026-02-15,ปั๊มพ่นยาแรงดันตก,ซีลลูกสูบเสื่อม,72.2
1607,16,2026-03-15,ปั๊มน้ำสตาร์ทไม่ติด,แบตเตอรี่/สายไฟหลวม,93.2
1608,39,2026-01-28,ปั๊มน้ำแรงดันตก,ใบพัดปั๊มสึกหรือมีสิ่งอุดตัน,74.6
1609,30,2026-02-09,เครื่องตัดหญ้าสั่นผิดปกติ,หัวเกียร์/ลูกปืนแตก,89.0
1610,126,2026-07-11,เครื่องตัดหญ้าเร่งไม่ขึ้น,คาร์บูเรเตอร์ตัน,72.5
1611,15,2026-02-01,เครื่องตัดหญ้าสั่นผิดปกติ,หัวเกียร์/ลูกปืนแตก,82.7
1612,117,2026-02-03,เครื่องตัดหญ้าสั่นผิดปกติ,หัวเกียร์/ลูกปืนแตก,85.8
1613,79,2026-03-11,เครื่องตัดหญ้าสั่นผิดปกติ,หัวเกียร์/ลูกปืนแตก,90.3
1614,1,2025-11-04,ซีลน้ำรั่วซึม,ซีลกันน้ำเสื่อมสภาพ,90.9
1615,12,2026-03-26,ปั๊มน้ำสตาร์ทไม่ติด,แบตเตอรี่/สายไฟหลวม,81.9
1616,16,2026-06-29,ปั๊มน้ำสตาร์ทไม่ติด,แบตเตอรี่/สายไฟหลวม,96.2
1617,9,2025-02-23,เครื่องตัดหญ้าสั่นผิดปกติ,หัวเกียร์/ลูกปืนแตก,78.0
1618,35,2025-05-20,สายพ่นยารั่ว,สายยางเสื่อมสภาพตามอายุ,91.4
1619,108,2026-07-21,ปั๊มพ่นยาแรงดันตก,ซีลลูกสูบเสื่อม,80.5
1620,97,2025-10-25,เครื่องตัดหญ้าสั่นผิดปกติ,หัวเกียร์/ลูกปืนแตก,80.5
1621,35,2026-06-15,ปั๊มพ่นยาแรงดันตก,ซีลลูกสูบเสื่อม,88.3
1622,46,2025-09-28,ปั๊มน้ำสตาร์ทไม่ติด,แบตเตอรี่/สายไฟหลวม,97.8
1623,33,2025-11-02,เครื่องตัดหญ้าเร่งไม่ขึ้น,คาร์บูเรเตอร์ตัน,90.4
1624,1,2025-06-22,สายพ่นยารั่ว,สายยางเสื่อมสภาพตามอายุ,91.2
1625,109,2025-08-20,เครื่องตัดหญ้าสั่นผิดปกติ,หัวเกียร์/ลูกปืนแตก,84.9
1626,118,2025-06-28,ปั๊มน้ำแรงดันตก,ใบพัดปั๊มสึกหรือมีสิ่งอุดตัน,79.7
1627,29,2025-08-03,ปั๊มน้ำแรงดันตก,ใบพัดปั๊มสึกหรือมีสิ่งอุดตัน,70.9
1628,5,2026-05-28,เครื่องตัดหญ้าสั่นผิดปกติ,หัวเกียร์/ลูกปืนแตก,76.7
1629,9,2025-02-22,ปั๊มน้ำสตาร์ทไม่ติด,แบตเตอรี่/สายไฟหลวม,82.5
1630,13,2026-06-06,ปั๊มพ่นยาแรงดันตก,ซีลลูกสูบเสื่อม,76.9
1631,113,2025-02-04,เครื่องตัดหญ้าสั่นผิดปกติ,หัวเกียร์/ลูกปืนแตก,76.6
1632,15,2025-06-18,สายพ่นยารั่ว,สายยางเสื่อมสภาพตามอายุ,73.9
1633,82,2025-08-13,ปั๊มน้ำแรงดันตก,ใบพัดปั๊มสึกหรือมีสิ่งอุดตัน,86.2
1634,83,2026-08-24,ปั๊มพ่นยาแรงดันตก,ซีลลูกสูบเสื่อม,76.6
1635,134,2025-04-22,ปั๊มพ่นยาแรงดันตก,ซีลลูกสูบเสื่อม,76.2
1636,16,2025-08-22,ซีลน้ำรั่วซึม,ซีลกันน้ำเสื่อมสภาพ,85.6
1637,45,2026-04-05,ปั๊มพ่นยาแรงดันตก,ซีลลูกสูบเสื่อม,87.5
1638,127,2025-11-28,เครื่องตัดหญ้าเร่งไม่ขึ้น,คาร์บูเรเตอร์ตัน,71.3
1639,98,2025-09-25,ปั๊มพ่นยาแรงดันตก,ซีลลูกสูบเสื่อม,92.0
1640,107,2025-09-05,ปั๊มพ่นยาแรงดันตก,ซีลลูกสูบเสื่อม,81.4
1641,48,2025-08-21,เครื่องตัดหญ้าสั่นผิดปกติ,หัวเกียร์/ลูกปืนแตก,91.1
1642,58,2026-01-03,ปั๊มน้ำแรงดันตก,ใบพัดปั๊มสึกหรือมีสิ่งอุดตัน,78.4
1643,119,2026-07-04,ปั๊มน้ำแรงดันตก,ใบพัดปั๊มสึกหรือมีสิ่งอุดตัน,95.6
1644,107,2026-03-13,เครื่องตัดหญ้าสั่นผิดปกติ,หัวเกียร์/ลูกปืนแตก,85.6
1645,63,2025-04-15,เครื่องตัดหญ้าสั่นผิดปกติ,หัวเกียร์/ลูกปืนแตก,77.1
1646,21,2025-09-14,ปั๊มพ่นยาแรงดันตก,ซีลลูกสูบเสื่อม,95.8
1647,49,2025-10-16,ปั๊มน้ำสตาร์ทไม่ติด,แบตเตอรี่/สายไฟหลวม,71.4
1648,11,2025-10-20,ปั๊มพ่นยาแรงดันตก,ซีลลูกสูบเสื่อม,94.5
1649,56,2025-05-27,สายพ่นยารั่ว,สายยางเสื่อมสภาพตามอายุ,83.4
1650,4,2025-09-16,ซีลน้ำรั่วซึม,ซีลกันน้ำเสื่อมสภาพ,75.9
1651,31,2025-05-28,ปั๊มพ่นยาแรงดันตก,ซีลลูกสูบเสื่อม,90.9
1652,63,2026-08-09,เครื่องตัดหญ้าสั่นผิดปกติ,หัวเกียร์/ลูกปืนแตก,89.5
1653,102,2026-07-01,ปั๊มน้ำแรงดันตก,ใบพัดปั๊มสึกหรือมีสิ่งอุดตัน,95.6
1654,73,2026-03-05,ซีลน้ำรั่วซึม,ซีลกันน้ำเสื่อมสภาพ,80.7
1655,92,2026-02-19,ปั๊มพ่นยาแรงดันตก,ซีลลูกสูบเสื่อม,78.6
1656,128,2025-10-07,เครื่องตัดหญ้าเร่งไม่ขึ้น,คาร์บูเรเตอร์ตัน,83.0
1657,121,2026-09-16,ปั๊มพ่นยาแรงดันตก,ซีลลูกสูบเสื่อม,91.3
1658,95,2025-09-06,ปั๊มน้ำแรงดันตก,ใบพัดปั๊มสึกหรือมีสิ่งอุดตัน,78.8
1659,57,2025-02-05,เครื่องตัดหญ้าเร่งไม่ขึ้น,คาร์บูเรเตอร์ตัน,90.8
1660,107,2025-01-13,ซีลน้ำรั่วซึม,ซีลกันน้ำเสื่อมสภาพ,78.3
1661,59,2025-06-02,ซีลน้ำรั่วซึม,ซีลกันน้ำเสื่อมสภาพ,80.6
1662,87,2025-07-10,เครื่องตัดหญ้าสั่นผิดปกติ,หัวเกียร์/ลูกปืนแตก,77.2
1663,126,2026-01-15,ปั๊มพ่นยาแรงดันตก,ซีลลูกสูบเสื่อม,82.9
1664,91,2026-07-24,สายพ่นยารั่ว,สายยางเสื่อมสภาพตามอายุ,74.7
1665,126,2026-07-14,เครื่องตัดหญ้าเร่งไม่ขึ้น,คาร์บูเรเตอร์ตัน,75.2
1666,16,2026-02-26,ปั๊มพ่นยาแรงดันตก,ซีลลูกสูบเสื่อม,84.7
1667,13,2025-02-27,สายพ่นยารั่ว,สายยางเสื่อมสภาพตามอายุ,91.4
1668,60,2025-11-17,ปั๊มน้ำแรงดันตก,ใบพัดปั๊มสึกหรือมีสิ่งอุดตัน,71.9
1669,56,2025-04-28,ปั๊มน้ำสตาร์ทไม่ติด,แบตเตอรี่/สายไฟหลวม,84.2
1670,124,2025-10-17,ปั๊มน้ำสตาร์ทไม่ติด,แบตเตอรี่/สายไฟหลวม,88.5
1671,106,2025-01-13,ปั๊มน้ำสตาร์ทไม่ติด,แบตเตอรี่/สายไฟหลวม,70.3
1672,71,2026-02-16,ปั๊มพ่นยาแรงดันตก,ซีลลูกสูบเสื่อม,85.0
1673,129,2025-08-11,ปั๊มน้ำสตาร์ทไม่ติด,แบตเตอรี่/สายไฟหลวม,92.8
1674,46,2026-06-08,เครื่องตัดหญ้าสั่นผิดปกติ,หัวเกียร์/ลูกปืนแตก,73.0
1675,39,2025-03-16,เครื่องตัดหญ้าเร่งไม่ขึ้น,คาร์บูเรเตอร์ตัน,76.7
1676,65,2026-04-27,เครื่องตัดหญ้าเร่งไม่ขึ้น,คาร์บูเรเตอร์ตัน,92.8
1677,102,2025-07-27,สายพ่นยารั่ว,สายยางเสื่อมสภาพตามอายุ,72.2
1678,63,2025-11-12,เครื่องตัดหญ้าสั่นผิดปกติ,หัวเกียร์/ลูกปืนแตก,97.7
1679,21,2025-06-25,ซีลน้ำรั่วซึม,ซีลกันน้ำเสื่อมสภาพ,88.3
1680,9,2026-05-20,สายพ่นยารั่ว,สายยางเสื่อมสภาพตามอายุ,72.6
1681,122,2025-10-22,เครื่องตัดหญ้าสั่นผิดปกติ,หัวเกียร์/ลูกปืนแตก,71.6
1682,44,2025-01-08,ปั๊มพ่นยาแรงดันตก,ซีลลูกสูบเสื่อม,72.3
1683,85,2025-12-04,ปั๊มพ่นยาแรงดันตก,ซีลลูกสูบเสื่อม,85.8
1684,11,2025-03-16,เครื่องตัดหญ้าเร่งไม่ขึ้น,คาร์บูเรเตอร์ตัน,76.4
1685,122,2026-06-22,เครื่องตัดหญ้าเร่งไม่ขึ้น,คาร์บูเรเตอร์ตัน,77.6
1686,72,2025-02-27,ปั๊มพ่นยาแรงดันตก,ซีลลูกสูบเสื่อม,95.2
1687,9,2026-03-14,ปั๊มพ่นยาแรงดันตก,ซีลลูกสูบเสื่อม,75.0
1688,54,2025-09-02,ปั๊มน้ำสตาร์ทไม่ติด,แบตเตอรี่/สายไฟหลวม,86.4
1689,102,2026-08-08,สายพ่นยารั่ว,สายยางเสื่อมสภาพตามอายุ,96.0
1690,62,2025-08-21,ปั๊มน้ำแรงดันตก,ใบพัดปั๊มสึกหรือมีสิ่งอุดตัน,85.9
1691,85,2025-10-30,ปั๊มพ่นยาแรงดันตก,ซีลลูกสูบเสื่อม,80.7
1692,21,2026-07-29,ปั๊มน้ำแรงดันตก,ใบพัดปั๊มสึกหรือมีสิ่งอุดตัน,84.0
1693,26,2025-09-26,ปั๊มน้ำสตาร์ทไม่ติด,แบตเตอรี่/สายไฟหลวม,82.2
1694,102,2025-03-01,ซีลน้ำรั่วซึม,ซีลกันน้ำเสื่อมสภาพ,97.1
1695,70,2025-09-11,ปั๊มน้ำสตาร์ทไม่ติด,แบตเตอรี่/สายไฟหลวม,91.9
1696,59,2025-12-16,เครื่องตัดหญ้าสั่นผิดปกติ,หัวเกียร์/ลูกปืนแตก,80.0
1697,48,2025-10-19,เครื่องตัดหญ้าสั่นผิดปกติ,หัวเกียร์/ลูกปืนแตก,89.0
1698,22,2026-05-29,เครื่องตัดหญ้าสั่นผิดปกติ,หัวเกียร์/ลูกปืนแตก,91.6
1699,64,2025-08-18,สายพ่นยารั่ว,สายยางเสื่อมสภาพตามอายุ,90.0
1700,40,2025-03-05,ซีลน้ำรั่วซึม,ซีลกันน้ำเสื่อมสภาพ,80.6
1701,40,2026-09-01,ปั๊มพ่นยาแรงดันตก,ซีลลูกสูบเสื่อม,90.7
1702,28,2025-09-03,ซีลน้ำรั่วซึม,ซีลกันน้ำเสื่อมสภาพ,72.6
1703,93,2025-08-28,เครื่องตัดหญ้าสั่นผิดปกติ,หัวเกียร์/ลูกปืนแตก,91.3
1704,23,2025-03-21,ปั๊มน้ำแรงดันตก,ใบพัดปั๊มสึกหรือมีสิ่งอุดตัน,75.2
1705,132,2025-12-15,เครื่องตัดหญ้าเร่งไม่ขึ้น,คาร์บูเรเตอร์ตัน,81.4
1706,91,2025-01-21,ปั๊มน้ำสตาร์ทไม่ติด,แบตเตอรี่/สายไฟหลวม,85.5
1707,84,2026-04-09,เครื่องตัดหญ้าเร่งไม่ขึ้น,คาร์บูเรเตอร์ตัน,94.2
1708,106,2025-01-10,ซีลน้ำรั่วซึม,ซีลกันน้ำเสื่อมสภาพ,80.9
1709,63,2025-03-07,ปั๊มพ่นยาแรงดันตก,ซีลลูกสูบเสื่อม,86.0
1710,98,2025-05-12,ปั๊มพ่นยาแรงดันตก,ซีลลูกสูบเสื่อม,74.7
1711,69,2025-07-28,ซีลน้ำรั่วซึม,ซีลกันน้ำเสื่อมสภาพ,83.8
1712,112,2025-02-19,ปั๊มน้ำแรงดันตก,ใบพัดปั๊มสึกหรือมีสิ่งอุดตัน,77.7
1713,20,2025-08-21,เครื่องตัดหญ้าสั่นผิดปกติ,หัวเกียร์/ลูกปืนแตก,80.1
1714,127,2025-07-11,ปั๊มพ่นยาแรงดันตก,ซีลลูกสูบเสื่อม,86.6
1715,28,2025-06-01,เครื่องตัดหญ้าสั่นผิดปกติ,หัวเกียร์/ลูกปืนแตก,73.8
1716,86,2025-01-06,เครื่องตัดหญ้าสั่นผิดปกติ,หัวเกียร์/ลูกปืนแตก,93.6
1717,85,2025-10-23,สายพ่นยารั่ว,สายยางเสื่อมสภาพตามอายุ,82.3
1718,35,2025-12-01,สายพ่นยารั่ว,สายยางเสื่อมสภาพตามอายุ,78.4
1719,52,2026-04-14,ปั๊มพ่นยาแรงดันตก,ซีลลูกสูบเสื่อม,83.4
1720,82,2025-05-18,เครื่องตัดหญ้าสั่นผิดปกติ,หัวเกียร์/ลูกปืนแตก,78.2
1721,126,2026-06-24,ปั๊มพ่นยาแรงดันตก,ซีลลูกสูบเสื่อม,97.1
1722,84,2026-08-31,ปั๊มน้ำแรงดันตก,ใบพัดปั๊มสึกหรือมีสิ่งอุดตัน,80.5
1723,101,2026-09-27,สายพ่นยารั่ว,สายยางเสื่อมสภาพตามอายุ,80.2
1724,47,2026-03-14,ปั๊มน้ำแรงดันตก,ใบพัดปั๊มสึกหรือมีสิ่งอุดตัน,89.1
1725,119,2026-03-04,ปั๊มน้ำสตาร์ทไม่ติด,แบตเตอรี่/สายไฟหลวม,96.4
1726,75,2025-06-12,เครื่องตัดหญ้าสั่นผิดปกติ,หัวเกียร์/ลูกปืนแตก,93.3
1727,105,2025-02-23,สายพ่นยารั่ว,สายยางเสื่อมสภาพตามอายุ,88.8
1728,78,2025-04-19,ปั๊มพ่นยาแรงดันตก,ซีลลูกสูบเสื่อม,76.8
1729,109,2026-05-27,ปั๊มน้ำแรงดันตก,ใบพัดปั๊มสึกหรือมีสิ่งอุดตัน,92.1
1730,123,2025-02-27,เครื่องตัดหญ้าสั่นผิดปกติ,หัวเกียร์/ลูกปืนแตก,86.3
1731,108,2026-02-20,เครื่องตัดหญ้าเร่งไม่ขึ้น,คาร์บูเรเตอร์ตัน,85.2
1732,22,2026-09-07,ซีลน้ำรั่วซึม,ซีลกันน้ำเสื่อมสภาพ,73.1
1733,91,2025-07-12,ปั๊มพ่นยาแรงดันตก,ซีลลูกสูบเสื่อม,74.7
1734,103,2026-04-21,ปั๊มน้ำสตาร์ทไม่ติด,แบตเตอรี่/สายไฟหลวม,97.1
1735,111,2025-09-15,สายพ่นยารั่ว,สายยางเสื่อมสภาพตามอายุ,73.0
1736,57,2025-03-18,ซีลน้ำรั่วซึม,ซีลกันน้ำเสื่อมสภาพ,84.3
1737,57,2026-02-07,เครื่องตัดหญ้าเร่งไม่ขึ้น,คาร์บูเรเตอร์ตัน,82.5
1738,129,2025-10-31,เครื่องตัดหญ้าสั่นผิดปกติ,หัวเกียร์/ลูกปืนแตก,74.2
1739,27,2025-01-20,เครื่องตัดหญ้าสั่นผิดปกติ,หัวเกียร์/ลูกปืนแตก,78.3
1740,37,2025-03-08,ปั๊มน้ำสตาร์ทไม่ติด,แบตเตอรี่/สายไฟหลวม,79.8
1741,53,2025-09-24,เครื่องตัดหญ้าสั่นผิดปกติ,หัวเกียร์/ลูกปืนแตก,84.6
1742,25,2025-09-28,เครื่องตัดหญ้าสั่นผิดปกติ,หัวเกียร์/ลูกปืนแตก,82.3
1743,82,2026-06-26,เครื่องตัดหญ้าสั่นผิดปกติ,หัวเกียร์/ลูกปืนแตก,71.9
1744,30,2025-02-04,สายพ่นยารั่ว,สายยางเสื่อมสภาพตามอายุ,70.6
1745,28,2025-09-24,ปั๊มพ่นยาแรงดันตก,ซีลลูกสูบเสื่อม,89.0
1746,63,2025-05-08,ปั๊มพ่นยาแรงดันตก,ซีลลูกสูบเสื่อม,84.4
1747,85,2026-03-05,ปั๊มน้ำแรงดันตก,ใบพัดปั๊มสึกหรือมีสิ่งอุดตัน,85.7
1748,104,2025-12-25,ปั๊มน้ำแรงดันตก,ใบพัดปั๊มสึกหรือมีสิ่งอุดตัน,87.6
1749,111,2025-05-25,ปั๊มพ่นยาแรงดันตก,ซีลลูกสูบเสื่อม,81.1
1750,51,2026-07-27,เครื่องตัดหญ้าเร่งไม่ขึ้น,คาร์บูเรเตอร์ตัน,82.6
1751,2,2025-11-30,เครื่องตัดหญ้าสั่นผิดปกติ,หัวเกียร์/ลูกปืนแตก,89.7
1752,17,2025-06-09,ซีลน้ำรั่วซึม,ซีลกันน้ำเสื่อมสภาพ,86.2
1753,48,2026-09-13,สายพ่นยารั่ว,สายยางเสื่อมสภาพตามอายุ,80.2
1754,30,2025-06-03,เครื่องตัดหญ้าสั่นผิดปกติ,หัวเกียร์/ลูกปืนแตก,77.3
1755,81,2026-01-16,เครื่องตัดหญ้าเร่งไม่ขึ้น,คาร์บูเรเตอร์ตัน,86.7
1756,30,2026-04-20,เครื่องตัดหญ้าสั่นผิดปกติ,หัวเกียร์/ลูกปืนแตก,79.7
1757,45,2025-12-22,เครื่องตัดหญ้าเร่งไม่ขึ้น,คาร์บูเรเตอร์ตัน,92.8
1758,77,2026-07-03,สายพ่นยารั่ว,สายยางเสื่อมสภาพตามอายุ,95.7
1759,35,2026-04-04,ปั๊มน้ำสตาร์ทไม่ติด,แบตเตอรี่/สายไฟหลวม,78.8
1760,30,2025-07-05,ซีลน้ำรั่วซึม,ซีลกันน้ำเสื่อมสภาพ,75.1
1761,131,2026-06-23,ปั๊มน้ำแรงดันตก,ใบพัดปั๊มสึกหรือมีสิ่งอุดตัน,80.9
1762,99,2026-04-09,ปั๊มน้ำแรงดันตก,ใบพัดปั๊มสึกหรือมีสิ่งอุดตัน,81.8
1763,45,2026-01-14,ปั๊มพ่นยาแรงดันตก,ซีลลูกสูบเสื่อม,85.5
1764,36,2026-01-16,ซีลน้ำรั่วซึม,ซีลกันน้ำเสื่อมสภาพ,75.2
1765,14,2025-12-17,เครื่องตัดหญ้าเร่งไม่ขึ้น,คาร์บูเรเตอร์ตัน,94.2
1766,35,2025-01-08,เครื่องตัดหญ้าสั่นผิดปกติ,หัวเกียร์/ลูกปืนแตก,75.5
1767,130,2025-10-26,เครื่องตัดหญ้าเร่งไม่ขึ้น,คาร์บูเรเตอร์ตัน,88.3
1768,126,2025-11-14,ปั๊มพ่นยาแรงดันตก,ซีลลูกสูบเสื่อม,81.6
1769,43,2025-12-11,เครื่องตัดหญ้าสั่นผิดปกติ,หัวเกียร์/ลูกปืนแตก,72.3
1770,57,2025-01-24,สายพ่นยารั่ว,สายยางเสื่อมสภาพตามอายุ,78.2
1771,74,2025-08-02,ปั๊มน้ำแรงดันตก,ใบพัดปั๊มสึกหรือมีสิ่งอุดตัน,74.7
1772,127,2025-12-22,เครื่องตัดหญ้าเร่งไม่ขึ้น,คาร์บูเรเตอร์ตัน,85.4
1773,30,2025-03-29,เครื่องตัดหญ้าเร่งไม่ขึ้น,คาร์บูเรเตอร์ตัน,77.5
1774,94,2026-02-26,สายพ่นยารั่ว,สายยางเสื่อมสภาพตามอายุ,85.2
1775,113,2026-08-11,ปั๊มน้ำสตาร์ทไม่ติด,แบตเตอรี่/สายไฟหลวม,85.3
1776,64,2025-11-27,ปั๊มน้ำสตาร์ทไม่ติด,แบตเตอรี่/สายไฟหลวม,78.3
1777,68,2025-01-26,เครื่องตัดหญ้าสั่นผิดปกติ,หัวเกียร์/ลูกปืนแตก,79.8
1778,113,2026-09-27,ปั๊มน้ำสตาร์ทไม่ติด,แบตเตอรี่/สายไฟหลวม,94.2
1779,61,2025-04-02,สายพ่นยารั่ว,สายยางเสื่อมสภาพตามอายุ,75.9
1780,90,2026-07-27,เครื่องตัดหญ้าเร่งไม่ขึ้น,คาร์บูเรเตอร์ตัน,94.1
1781,110,2026-04-20,ปั๊มพ่นยาแรงดันตก,ซีลลูกสูบเสื่อม,74.6
1782,53,2025-04-19,สายพ่นยารั่ว,สายยางเสื่อมสภาพตามอายุ,92.8
1783,90,2026-09-18,ปั๊มน้ำสตาร์ทไม่ติด,แบตเตอรี่/สายไฟหลวม,84.9
1784,44,2026-04-09,เครื่องตัดหญ้าเร่งไม่ขึ้น,คาร์บูเรเตอร์ตัน,79.1
1785,75,2026-07-01,ซีลน้ำรั่วซึม,ซีลกันน้ำเสื่อมสภาพ,86.0
1786,25,2026-02-04,ปั๊มพ่นยาแรงดันตก,ซีลลูกสูบเสื่อม,73.8
1787,106,2026-08-06,สายพ่นยารั่ว,สายยางเสื่อมสภาพตามอายุ,95.7
1788,33,2025-08-04,สายพ่นยารั่ว,สายยางเสื่อมสภาพตามอายุ,89.6
1789,38,2025-04-14,ปั๊มน้ำแรงดันตก,ใบพัดปั๊มสึกหรือมีสิ่งอุดตัน,89.9
1790,101,2025-07-12,สายพ่นยารั่ว,สายยางเสื่อมสภาพตามอายุ,83.7
1791,69,2026-03-25,ปั๊มพ่นยาแรงดันตก,ซีลลูกสูบเสื่อม,87.6
1792,20,2025-10-19,เครื่องตัดหญ้าสั่นผิดปกติ,หัวเกียร์/ลูกปืนแตก,87.7
1793,104,2026-08-21,ปั๊มน้ำสตาร์ทไม่ติด,แบตเตอรี่/สายไฟหลวม,84.4
1794,95,2025-08-05,ปั๊มพ่นยาแรงดันตก,ซีลลูกสูบเสื่อม,82.7
1795,1,2026-01-15,ซีลน้ำรั่วซึม,ซีลกันน้ำเสื่อมสภาพ,94.3
1796,118,2026-07-24,ปั๊มน้ำสตาร์ทไม่ติด,แบตเตอรี่/สายไฟหลวม,87.8
1797,17,2026-06-26,ซีลน้ำรั่วซึม,ซีลกันน้ำเสื่อมสภาพ,92.3
1798,110,2025-11-05,ปั๊มน้ำแรงดันตก,ใบพัดปั๊มสึกหรือมีสิ่งอุดตัน,93.1
1799,83,2026-01-20,ซีลน้ำรั่วซึม,ซีลกันน้ำเสื่อมสภาพ,93.2
1800,34,2025-09-20,เครื่องตัดหญ้าเร่งไม่ขึ้น,คาร์บูเรเตอร์ตัน,85.9
