review_id,user_id,part_id,review_date,rating,comment_count
8001,93,17,2025-07-19,4,7
8002,129,14,2025-02-27,5,11
8003,121,8,2026-03-06,4,1
8004,24,1,2026-08-12,4,8
8005,78,6,2026-04-18,5,12
8006,102,13,2025-07-28,4,12
8007,5,17,2025-02-09,5,11
8008,75,1,2025-09-18,4,1
8009,119,2,2026-07-12,5,5
8010,115,7,2025-11-27,5,5
8011,120,10,2025-06-24,5,15
8012,66,12,2025-01-15,4,14
8013,119,10,2026-02-25,4,2
8014,95,16,2026-03-16,3,13
8015,115,10,2025-04-07,3,8
8016,17,16,2025-12-20,5,10
8017,102,2,2025-07-15,5,4
8018,22,8,2026-08-30,4,8
8019,103,4,2025-09-28,4,11
8020,118,4,2025-06-16,3,9
8021,44,8,2026-05-07,4,8
8022,120,5,2026-06-07,5,10
8023,71,11,2026-03-12,5,5
8024,76,10,2025-11-30,4,15
8025,78,7,2026-06-27,4,4
8026,81,11,2025-10-16,5,14
8027,18,4,2025-01-13,5,6
8028,92,6,2025-01-04,5,1
8029,123,20,2025-10-04,5,5
8030,48,4,2026-03-21,4,15
8031,10,16,2026-06-12,5,5
8032,71,19,2025-01-29,5,14
8033,106,13,2026-01-18,4,3
8034,49,7,2026-07-29,4,1
8035,91,4,2025-03-24,3,11
8036,49,15,2025-07-01,4,15
8037,97,11,2025-11-08,5,15
8038,12,16,2025-11-29,5,4
8039,27,5,2026-03-19,5,11
8040,19,3,2026-07-12,4,6
8041,47,15,2026-09-19,4,9
8042,26,3,2026-03-20,5,5
8043,67,9,2026-07-31,4,8
8044,113,7,2025-04-01,4,6
8045,9,12,2025-02-22,4,0
8046,108,13,2025-06-16,5,5
8047,83,20,2025-10-23,5,2
8048,82,6,2025-05-10,4,15
8049,126,1,2026-06-23,4,3
8050,75,6,2025-12-10,4,0
8051,19,13,2025-03-03,5,3
8052,87,5,2026-03-29,5,11
8053,110,19,2026-05-03,5,3
8054,81,14,2025-01-17,5,10
8055,68,8,2025-10-23,5,0
8056,73,6,2025-06-12,5,14
8057,20,3,2025-11-03,5,15
8058,104,4,2026-05-14,4,8
8059,38,18,2025-04-25,4,0
8060,116,16,2025-12-25,4,1
8061,90,4,2025-01-21,4,14
8062,119,16,2026-08-13,5,4
8063,68,4,2026-01-05,5,1
8064,31,8,2025-03-23,5,9
8065,30,6,2025-05-09,5,1
8066,116,14,2026-05-19,3,2
8067,66,11,2025-04-21,3,12
8068,130,2,2026-02-07,5,12
8069,10,14,2025-12-25,5,5
8070,3,3,2025-08-02,5,12
8071,63,10,2026-08-26,3,0
8072,39,6,2026-02-26,5,6
8073,26,15,2025-01-30,5,12
8074,45,2,2026-09-07,5,12
8075,23,7,2025-09-11,5,4
8076,43,14,2026-01-30,5,9
8077,54,4,2025-05-31,5,13
8078,108,17,2025-10-15,5,9
8079,14,12,2025-02-28,5,4
8080,93,19,2026-06-23,5,3
8081,5,14,2025-07-12,5,11
8082,20,10,2026-04-07,4,6
8083,7,8,2025-04-27,5,14
8084,67,10,2026-03-30,5,15
8085,125,15,2026-09-10,4,13
8086,71,9,2025-09-12,4,13
8087,93,8,2026-03-19,5,11
8088,81,17,2025-12-19,5,5
8089,78,19,2025-08-16,5,13
8090,113,6,2026-08-26,3,1
8091,70,12,2025-07-27,4,10
8092,39,3,2026-08-07,5,7
8093,48,19,2025-05-10,4,4
8094,88,10,2025-10-19,5,2
8095,79,5,2025-09-05,5,14
8096,75,19,2026-02-21,5,2
8097,64,19,2025-09-16,5,15
8098,36,8,2026-05-22,5,4
8099,63,19,2025-12-16,5,9
8100,7,11,2026-04-03,4,7
8101,10,9,2026-08-30,5,13
8102,58,5,2025-06-20,5,1
8103,16,15,2026-05-19,4,2
8104,31,7,2025-07-31,4,3
8105,79,11,2025-02-19,4,13
8106,18,13,2026-05-23,5,3
8107,34,4,2025-03-17,4,8
8108,111,2,2025-05-25,4,8
8109,101,18,2025-06-14,5,2
8110,61,4,2025-06-08,5,0
8111,53,17,2025-08-06,4,14
8112,104,14,2026-05-09,5,5
8113,123,11,2025-12-11,4,12
8114,130,3,2026-07-21,4,2
8115,70,17,2026-07-09,4,9
8116,21,9,2026-09-12,3,14
8117,86,6,2026-01-19,5,14
8118,38,5,2025-04-05,5,8
8119,12,4,2026-08-17,5,5
8120,87,4,2025-06-20,5,5
8121,81,11,2026-06-12,5,8
8122,24,13,2026-04-05,5,3
8123,87,13,2025-09-25,5,0
8124,14,7,2025-05-07,3,12
8125,59,4,2026-06-26,5,0
8126,60,2,2025-03-28,5,15
8127,50,7,2025-03-21,5,12
8128,36,13,2025-03-29,4,15
8129,28,18,2025-04-16,5,11
8130,65,19,2026-04-18,4,12
8131,43,11,2025-10-04,5,9
8132,111,13,2025-08-14,4,4
8133,89,3,2026-05-05,4,0
8134,100,10,2026-03-10,5,3
8135,24,17,2026-07-13,3,0
8136,98,11,2026-09-07,5,6
8137,68,1,2026-09-22,4,0
8138,17,9,2026-06-20,5,15
8139,65,17,2025-05-17,4,4
8140,22,9,2026-09-11,5,7
8141,62,14,2026-05-31,5,6
8142,114,15,2025-08-31,5,9
8143,11,1,2025-01-26,4,14
8144,27,3,2026-06-11,5,15
8145,76,11,2025-12-28,5,0
8146,21,3,2025-08-29,5,5
8147,109,20,2026-09-20,5,14
8148,38,5,2026-02-02,5,15
8149,86,6,2025-02-01,4,14
8150,85,19,2026-01-10,4,7
8151,22,10,2025-12-27,5,9
8152,133,11,2026-01-01,5,12
8153,98,9,2026-07-23,5,10
8154,41,17,2026-08-20,5,3
8155,69,9,2026-09-05,3,13
8156,73,15,2026-08-28,5,15
8157,115,2,2026-06-20,4,9
8158,14,10,2025-03-17,4,15
8159,40,12,2025-04-13,4,15
8160,97,18,2026-04-03,4,15
8161,49,12,2026-04-14,5,1
8162,42,6,2025-01-27,4,0
8163,133,10,2025-12-01,4,10
8164,103,12,2025-05-01,5,2
8165,108,1,2026-05-31,5,13
8166,100,9,2025-10-30,3,3
8167,96,18,2026-09-09,5,11
8168,40,7,2026-02-20,5,13
8169,24,17,2026-07-24,4,5
8170,133,8,2025-10-19,4,6
8171,54,17,2026-01-01,5,11
8172,113,14,2025-07-22,5,7
8173,125,20,2025-07-19,5,7
8174,19,4,2026-08-09,5,10
8175,81,3,2026-04-21,5,14
8176,121,20,2025-07-29,4,9
8177,25,7,2026-06-07,5,12
8178,57,4,2025-09-08,5,11
8179,24,13,2026-03-11,4,15
8180,117,9,2025-08-26,5,5
8181,105,7,2025-11-01,4,6
8182,7,13,2025-10-17,5,2
8183,46,20,2025-02-14,4,15
8184,133,5,2025-02-16,5,5
8185,62,3,2025-09-02,5,5
8186,104,13,2026-04-08,4,15
8187,80,17,2026-08-21,4,13
8188,104,6,2026-01-30,4,9
8189,46,11,2026-01-07,5,6
8190,123,2,2026-02-14,5,1
8191,38,8,2025-02-14,4,11
8192,106,1,2026-06-29,3,11
8193,35,3,2025-09-09,5,5
8194,85,11,2026-06-22,3,1
8195,80,4,2026-02-24,5,2
8196,134,13,2025-11-17,5,13
8197,54,11,2025-12-15,4,7
8198,94,1,2026-08-27,5,7
8199,34,8,2026-04-28,4,8
8200,60,19,2026-05-06,5,11
8201,119,8,2026-08-28,5,1
8202,64,11,2025-09-15,4,8
8203,113,8,2025-08-23,5,3
8204,134,9,2026-09-09,4,1
8205,126,6,2026-05-03,4,14
8206,44,1,2026-06-20,4,3
8207,134,4,2025-10-31,5,3
8208,99,19,2026-07-08,4,1
8209,23,3,2025-04-09,4,3
8210,100,19,2026-08-27,4,3
8211,2,8,2026-08-25,4,6
8212,86,18,2026-09-10,4,5
8213,1,16,2025-12-12,4,9
8214,114,2,2026-05-15,5,14
8215,135,16,2025-12-11,5,15
8216,109,3,2025-06-25,3,3
8217,34,9,2025-01-18,4,11
8218,43,6,2025-09-12,4,4
8219,26,7,2025-09-18,4,6
8220,13,20,2025-10-27,5,13
8221,7,1,2026-06-11,4,0
8222,57,15,2025-04-03,5,15
8223,67,13,2026-01-07,5,9
8224,92,9,2025-07-22,5,5
8225,135,5,2025-02-15,5,8
8226,54,11,2026-03-14,4,13
8227,15,5,2025-05-21,5,7
8228,20,6,2025-04-29,5,13
8229,131,17,2026-02-19,5,7
8230,93,13,2025-08-02,5,13
8231,96,1,2026-07-18,5,13
8232,61,18,2026-05-25,5,11
8233,89,2,2026-01-17,5,14
8234,20,7,2025-02-10,5,0
8235,46,2,2025-07-19,4,2
8236,109,4,2025-04-08,5,10
8237,122,13,2025-06-06,5,12
8238,59,9,2026-06-10,4,5
8239,114,14,2025-11-01,4,1
8240,99,17,2025-04-12,5,1
8241,4,3,2025-08-11,5,4
8242,11,10,2026-07-12,5,1
8243,92,1,2025-04-16,5,9
8244,116,16,2026-07-06,5,12
8245,104,12,2026-01-27,4,9
8246,50,7,2025-10-09,4,10
8247,42,7,2026-01-10,5,0
8248,104,19,2026-03-05,4,8
8249,120,10,2025-04-26,4,4
8250,79,8,2025-07-05,4,12
8251,18,4,2025-12-27,4,6
8252,97,18,2026-02-22,4,14
8253,111,8,2026-02-04,5,11
8254,131,14,2026-08-13,4,12
8255,20,20,2025-07-23,5,6
8256,19,17,2026-01-01,5,2
8257,92,14,2025-11-09,5,10
8258,36,17,2025-12-22,5,4
8259,50,15,2025-10-07,5,9
8260,79,19,2025-01-15,5,2
8261,106,17,2026-09-17,5,9
8262,46,18,2026-09-15,4,10
8263,46,17,2026-03-16,5,5
8264,135,12,2025-12-19,4,0
8265,131,11,2026-08-01,3,8
8266,50,4,2026-09-22,5,9
8267,32,5,2025-07-27,4,13
8268,102,3,2025-09-13,4,3
8269,101,3,2025-08-03,4,1
8270,55,15,2026-05-04,3,11
8271,97,16,2025-05-15,5,11
8272,23,9,2025-09-11,4,1
8273,105,12,2025-05-21,5,3
8274,88,11,2026-08-01,5,9
8275,90,4,2026-08-13,4,0
8276,46,20,2025-05-27,5,10
8277,83,19,2026-09-23,5,7
8278,34,12,2025-08-19,5,9
8279,53,20,2026-06-13,4,4
8280,18,4,2025-10-23,5,12
8281,54,6,2026-03-03,5,7
8282,93,2,2025-08-06,5,10
8283,23,6,2026-04-04,4,6
8284,128,2,2026-05-17,5,11
8285,131,16,2025-08-19,5,3
8286,67,16,2025-12-20,5,13
8287,91,10,2026-04-06,5,13
8288,111,17,2026-08-12,5,2
8289,31,10,2025-10-14,3,13
8290,38,2,2026-08-12,4,15
8291,13,20,2025-09-23,5,14
8292,63,18,2025-11-23,5,11
8293,1,17,2026-01-21,5,12
8294,134,19,2026-07-01,4,12
8295,8,15,2025-03-07,4,8
8296,60,9,2026-07-28,5,15
8297,18,2,2026-04-22,5,13
8298,11,13,2025-07-18,5,15
8299,62,10,2026-02-23,5,13
8300,91,13,2026-08-23,5,5
8301,99,12,2026-06-26,5,4
8302,122,1,2025-12-27,4,14
8303,64,10,2025-07-05,5,3
8304,49,16,2025-11-14,4,6
8305,112,10,2025-04-06,5,15
8306,133,13,2025-01-10,4,5
8307,54,19,2025-01-28,5,11
8308,92,1,2025-05-18,5,13
8309,91,17,2026-03-27,4,3
8310,81,5,2026-02-15,4,9
8311,36,19,2026-03-26,5,4
8312,101,3,2025-06-11,5,11
8313,72,20,2026-09-06,5,11
8314,107,20,2026-03-24,4,9
8315,61,1,2026-03-12,5,0
8316,45,8,2026-02-03,5,4
8317,15,9,2025-12-11,5,13
8318,129,8,2026-06-30,5,9
8319,10,13,2025-02-24,4,6
8320,109,4,2026-09-30,3,15
8321,78,8,2026-02-16,5,3
8322,40,4,2025-11-30,5,11
8323,92,4,2025-05-23,4,1
8324,132,7,2025-06-12,5,15
8325,42,15,2025-03-09,5,9
8326,83,10,2025-02-11,5,14
8327,34,9,2025-08-12,5,12
8328,67,7,2025-06-14,5,4
8329,31,7,2026-04-24,5,4
8330,118,18,2025-04-26,5,14
8331,96,18,2025-04-28,4,14
8332,81,20,2025-01-17,5,14
8333,108,13,2026-07-17,4,10
8334,59,17,2026-02-11,5,13
8335,95,7,2025-09-19,5,7
8336,82,7,2025-12-09,4,10
8337,110,17,2026-04-12,5,1
8338,102,9,2025-03-20,4,14
8339,45,13,2025-02-20,4,8
8340,113,13,2025-05-22,4,2
8341,73,14,2026-05-09,5,5
8342,26,17,2026-04-15,5,0
8343,83,6,2026-05-02,5,9
8344,70,2,2025-12-02,4,3
8345,110,4,2025-10-26,5,2
8346,9,8,2025-10-19,5,1
8347,112,11,2025-04-01,5,6
8348,66,20,2026-02-07,5,15
8349,32,13,2025-06-27,5,0
8350,31,7,2026-08-19,5,5
8351,6,15,2026-01-06,5,8
8352,122,9,2025-11-07,5,6
8353,118,4,2025-10-19,5,14
8354,134,14,2026-07-27,4,10
8355,133,9,2025-04-29,4,1
8356,111,3,2025-03-25,4,0
8357,55,18,2025-01-28,5,13
8358,14,13,2026-08-25,5,13
8359,28,4,2026-04-06,5,10
8360,85,8,2025-08-10,4,8
8361,73,16,2025-05-17,5,3
8362,56,4,2026-07-09,5,5
8363,68,2,2026-02-26,5,4
8364,24,14,2025-04-24,5,8
8365,80,6,2025-03-08,5,2
8366,30,19,2026-01-30,5,9
8367,50,17,2026-05-19,5,5
8368,76,14,2025-02-13,5,10
8369,2,13,2026-01-17,5,0
8370,125,11,2026-05-28,5,1
8371,112,6,2026-04-16,4,12
8372,71,9,2025-09-11,4,10
8373,60,13,2026-04-19,4,13
8374,59,9,2025-10-03,4,8
8375,44,16,2025-04-13,5,3
8376,39,11,2025-05-27,4,6
8377,5,3,2026-05-03,4,7
8378,64,8,2026-02-04,5,12
8379,47,7,2026-01-03,5,8
8380,33,19,2025-01-24,5,10
8381,69,17,2026-09-17,4,13
8382,24,8,2025-06-19,4,15
8383,16,10,2025-06-26,4,13
8384,74,19,2026-05-19,5,7
8385,8,2,2026-06-15,4,8
8386,59,15,2026-09-15,4,3
8387,102,1,2025-10-14,5,4
8388,90,1,2026-05-04,5,13
8389,38,17,2025-03-10,5,2
8390,113,11,2025-08-22,4,6
8391,130,5,2025-09-19,4,4
8392,68,15,2025-06-25,5,5
8393,21,18,2026-09-30,5,7
8394,38,7,2025-06-02,4,13
8395,114,15,2026-05-07,4,14
8396,81,1,2026-04-19,3,0
8397,79,18,2026-05-22,5,14
8398,84,5,2025-02-06,5,9
8399,117,1,2025-12-16,5,5
8400,34,11,2025-12-05,5,1
