expense_id,user_id,part_id,date_key,expense_category,is_cross_brand_matched,cost_amount
5001,13,9,2026-01-12,เปลี่ยนอะไหล่เครื่องตัดหญ้า,False,397
5002,118,17,2025-02-05,เปลี่ยนอะไหล่ปั๊มน้ำ,True,226
5003,113,14,2025-01-13,ซ่อมเครื่องพ่นยา,True,110
5004,52,8,2025-12-21,เปลี่ยนอะไหล่เครื่องตัดหญ้า,True,189
5005,78,10,2026-06-19,เปลี่ยนอะไหล่เครื่องตัดหญ้า,False,996
5006,24,6,2025-05-04,เปลี่ยนอะไหล่เครื่องตัดหญ้า,False,523
5007,43,16,2026-05-24,เปลี่ยนอะไหล่ปั๊มน้ำ,True,240
5008,79,11,2025-02-10,ซ่อมเครื่องพ่นยา,False,2547
5009,60,9,2026-07-18,เปลี่ยนอะไหล่เครื่องตัดหญ้า,False,388
5010,1,16,2025-11-30,เปลี่ยนอะไหล่ปั๊มน้ำ,False,361
5011,58,5,2025-06-15,เปลี่ยนอะไหล่ปั๊มน้ำ,True,48
5012,88,3,2026-02-08,เปลี่ยนอะไหล่ปั๊มน้ำ,False,81
5013,109,4,2026-09-27,เปลี่ยนอะไหล่ปั๊มน้ำ,False,299
5014,99,19,2026-06-24,บำรุงรักษาเครื่องยนต์ทั่วไป,True,331
5015,81,6,2025-03-11,เปลี่ยนอะไหล่เครื่องตัดหญ้า,False,418
5016,36,11,2025-10-13,ซ่อมเครื่องพ่นยา,False,2910
5017,35,6,2025-10-25,เปลี่ยนอะไหล่เครื่องตัดหญ้า,False,506
5018,3,13,2026-05-14,ซ่อมเครื่องพ่นยา,False,424
5019,55,15,2026-04-20,บำรุงรักษาเครื่องยนต์ทั่วไป,False,185
5020,114,2,2026-05-03,เปลี่ยนอะไหล่ปั๊มน้ำ,False,646
5021,32,13,2025-06-18,ซ่อมเครื่องพ่นยา,True,334
5022,110,17,2026-04-03,เปลี่ยนอะไหล่ปั๊มน้ำ,False,251
5023,64,11,2025-09-02,ซ่อมเครื่องพ่นยา,False,2843
5024,64,11,2025-08-04,ซ่อมเครื่องพ่นยา,False,2733
5025,73,11,2026-03-06,ซ่อมเครื่องพ่นยา,False,2700
5026,78,8,2026-08-29,เปลี่ยนอะไหล่เครื่องตัดหญ้า,False,181
5027,101,3,2025-06-09,เปลี่ยนอะไหล่ปั๊มน้ำ,True,75
5028,62,4,2025-08-18,เปลี่ยนอะไหล่ปั๊มน้ำ,False,350
5029,19,16,2026-01-20,เปลี่ยนอะไหล่ปั๊มน้ำ,True,252
5030,93,15,2026-02-15,บำรุงรักษาเครื่องยนต์ทั่วไป,False,162
5031,108,13,2025-09-03,ซ่อมเครื่องพ่นยา,True,416
5032,121,5,2025-10-11,เปลี่ยนอะไหล่ปั๊มน้ำ,True,48
5033,4,13,2026-08-22,ซ่อมเครื่องพ่นยา,True,387
5034,102,13,2025-07-23,ซ่อมเครื่องพ่นยา,True,423
5035,107,8,2026-01-29,เปลี่ยนอะไหล่เครื่องตัดหญ้า,True,177
5036,40,12,2025-11-26,ซ่อมเครื่องพ่นยา,False,1109
5037,53,17,2025-08-04,เปลี่ยนอะไหล่ปั๊มน้ำ,True,184
5038,17,8,2026-09-20,เปลี่ยนอะไหล่เครื่องตัดหญ้า,True,159
5039,62,3,2025-08-29,เปลี่ยนอะไหล่ปั๊มน้ำ,False,100
5040,30,1,2025-02-14,เปลี่ยนอะไหล่ปั๊มน้ำ,True,235
5041,45,7,2025-12-19,เปลี่ยนอะไหล่เครื่องตัดหญ้า,True,109
5042,3,12,2025-04-03,ซ่อมเครื่องพ่นยา,True,903
5043,133,12,2025-05-08,ซ่อมเครื่องพ่นยา,True,963
5044,96,18,2026-09-01,บำรุงรักษาเครื่องยนต์ทั่วไป,False,117
5045,31,20,2025-04-09,บำรุงรักษาเครื่องยนต์ทั่วไป,False,92
5046,110,16,2026-08-23,เปลี่ยนอะไหล่ปั๊มน้ำ,False,325
5047,20,12,2025-07-31,ซ่อมเครื่องพ่นยา,True,939
5048,128,7,2026-01-21,เปลี่ยนอะไหล่เครื่องตัดหญ้า,True,120
5049,27,5,2026-03-17,เปลี่ยนอะไหล่ปั๊มน้ำ,True,48
5050,30,4,2026-03-22,เปลี่ยนอะไหล่ปั๊มน้ำ,False,352
5051,1,11,2025-06-27,ซ่อมเครื่องพ่นยา,False,2805
5052,12,14,2025-02-04,ซ่อมเครื่องพ่นยา,False,108
5053,46,12,2026-01-02,ซ่อมเครื่องพ่นยา,True,1128
5054,108,20,2025-01-28,บำรุงรักษาเครื่องยนต์ทั่วไป,True,74
5055,82,8,2025-06-24,เปลี่ยนอะไหล่เครื่องตัดหญ้า,True,163
5056,31,7,2025-07-30,เปลี่ยนอะไหล่เครื่องตัดหญ้า,False,160
5057,58,8,2026-01-25,เปลี่ยนอะไหล่เครื่องตัดหญ้า,False,183
5058,103,13,2026-09-17,ซ่อมเครื่องพ่นยา,True,328
5059,80,6,2025-02-23,เปลี่ยนอะไหล่เครื่องตัดหญ้า,False,521
5060,95,7,2025-09-12,เปลี่ยนอะไหล่เครื่องตัดหญ้า,True,124
5061,63,3,2025-06-05,เปลี่ยนอะไหล่ปั๊มน้ำ,True,81
5062,127,9,2025-12-27,เปลี่ยนอะไหล่เครื่องตัดหญ้า,False,353
5063,63,10,2026-08-24,เปลี่ยนอะไหล่เครื่องตัดหญ้า,False,962
5064,105,9,2025-04-27,เปลี่ยนอะไหล่เครื่องตัดหญ้า,False,315
5065,3,13,2025-01-19,ซ่อมเครื่องพ่นยา,True,360
5066,79,8,2025-09-18,เปลี่ยนอะไหล่เครื่องตัดหญ้า,True,175
5067,108,6,2025-03-22,เปลี่ยนอะไหล่เครื่องตัดหญ้า,True,429
5068,37,3,2026-01-18,เปลี่ยนอะไหล่ปั๊มน้ำ,False,107
5069,60,14,2026-07-07,ซ่อมเครื่องพ่นยา,True,87
5070,96,10,2026-02-08,เปลี่ยนอะไหล่เครื่องตัดหญ้า,False,870
5071,22,10,2025-12-23,เปลี่ยนอะไหล่เครื่องตัดหญ้า,False,1013
5072,35,4,2026-03-28,เปลี่ยนอะไหล่ปั๊มน้ำ,False,297
5073,16,15,2026-05-10,บำรุงรักษาเครื่องยนต์ทั่วไป,False,166
5074,75,6,2025-12-04,เปลี่ยนอะไหล่เครื่องตัดหญ้า,False,422
5075,101,3,2025-07-22,เปลี่ยนอะไหล่ปั๊มน้ำ,False,106
5076,116,16,2026-06-29,เปลี่ยนอะไหล่ปั๊มน้ำ,False,324
5077,35,16,2025-07-31,เปลี่ยนอะไหล่ปั๊มน้ำ,True,307
5078,28,6,2026-08-29,เปลี่ยนอะไหล่เครื่องตัดหญ้า,False,419
5079,31,13,2025-05-08,ซ่อมเครื่องพ่นยา,True,357
5080,116,6,2026-02-21,เปลี่ยนอะไหล่เครื่องตัดหญ้า,True,406
5081,24,16,2025-08-28,เปลี่ยนอะไหล่ปั๊มน้ำ,True,300
5082,78,10,2025-05-03,เปลี่ยนอะไหล่เครื่องตัดหญ้า,False,970
5083,11,10,2026-07-02,เปลี่ยนอะไหล่เครื่องตัดหญ้า,False,942
5084,24,8,2025-06-17,เปลี่ยนอะไหล่เครื่องตัดหญ้า,False,199
5085,132,7,2026-07-07,เปลี่ยนอะไหล่เครื่องตัดหญ้า,True,120
5086,45,13,2025-02-08,ซ่อมเครื่องพ่นยา,False,440
5087,116,11,2025-01-25,ซ่อมเครื่องพ่นยา,False,2964
5088,119,14,2026-03-08,ซ่อมเครื่องพ่นยา,False,116
5089,36,11,2025-03-21,ซ่อมเครื่องพ่นยา,False,2852
5090,57,16,2025-04-05,เปลี่ยนอะไหล่ปั๊มน้ำ,True,298
5091,22,18,2025-04-12,บำรุงรักษาเครื่องยนต์ทั่วไป,True,97
5092,20,10,2026-03-29,เปลี่ยนอะไหล่เครื่องตัดหญ้า,False,914
5093,114,13,2025-01-17,ซ่อมเครื่องพ่นยา,False,431
5094,85,10,2026-09-21,เปลี่ยนอะไหล่เครื่องตัดหญ้า,False,797
5095,44,16,2025-04-06,เปลี่ยนอะไหล่ปั๊มน้ำ,True,269
5096,102,9,2026-03-22,เปลี่ยนอะไหล่เครื่องตัดหญ้า,False,360
5097,45,8,2026-01-21,เปลี่ยนอะไหล่เครื่องตัดหญ้า,True,176
5098,72,17,2025-10-02,เปลี่ยนอะไหล่ปั๊มน้ำ,True,191
5099,63,19,2025-12-13,บำรุงรักษาเครื่องยนต์ทั่วไป,False,409
5100,123,16,2026-05-18,เปลี่ยนอะไหล่ปั๊มน้ำ,True,265
5101,108,8,2025-02-17,เปลี่ยนอะไหล่เครื่องตัดหญ้า,True,161
5102,64,2,2025-06-04,เปลี่ยนอะไหล่ปั๊มน้ำ,True,500
5103,5,13,2026-05-05,ซ่อมเครื่องพ่นยา,False,478
5104,92,9,2025-10-25,เปลี่ยนอะไหล่เครื่องตัดหญ้า,False,397
5105,129,12,2026-01-08,ซ่อมเครื่องพ่นยา,True,1003
5106,82,5,2025-09-07,เปลี่ยนอะไหล่ปั๊มน้ำ,True,49
5107,72,16,2026-04-09,เปลี่ยนอะไหล่ปั๊มน้ำ,True,303
5108,92,14,2025-02-15,ซ่อมเครื่องพ่นยา,False,124
5109,41,17,2026-08-19,เปลี่ยนอะไหล่ปั๊มน้ำ,True,193
5110,15,8,2025-03-19,เปลี่ยนอะไหล่เครื่องตัดหญ้า,True,155
5111,100,2,2026-08-17,เปลี่ยนอะไหล่ปั๊มน้ำ,False,531
5112,45,17,2025-10-03,เปลี่ยนอะไหล่ปั๊มน้ำ,False,299
5113,82,9,2025-05-17,เปลี่ยนอะไหล่เครื่องตัดหญ้า,False,339
5114,8,2,2026-09-19,เปลี่ยนอะไหล่ปั๊มน้ำ,False,554
5115,37,9,2026-07-01,เปลี่ยนอะไหล่เครื่องตัดหญ้า,False,388
5116,127,18,2026-03-14,บำรุงรักษาเครื่องยนต์ทั่วไป,False,138
5117,24,13,2026-02-26,ซ่อมเครื่องพ่นยา,True,376
5118,135,5,2025-02-13,เปลี่ยนอะไหล่ปั๊มน้ำ,True,49
5119,52,15,2026-01-07,บำรุงรักษาเครื่องยนต์ทั่วไป,True,168
5120,83,19,2026-09-19,บำรุงรักษาเครื่องยนต์ทั่วไป,True,400
5121,37,13,2025-02-16,ซ่อมเครื่องพ่นยา,True,387
5122,94,1,2026-08-25,เปลี่ยนอะไหล่ปั๊มน้ำ,True,211
5123,102,8,2025-02-26,เปลี่ยนอะไหล่เครื่องตัดหญ้า,True,188
5124,35,13,2026-04-01,ซ่อมเครื่องพ่นยา,True,356
5125,112,11,2025-05-03,ซ่อมเครื่องพ่นยา,False,2799
5126,82,6,2026-09-08,เปลี่ยนอะไหล่เครื่องตัดหญ้า,True,376
5127,92,1,2025-05-16,เปลี่ยนอะไหล่ปั๊มน้ำ,False,267
5128,97,5,2025-06-23,เปลี่ยนอะไหล่ปั๊มน้ำ,False,74
5129,46,17,2025-08-27,เปลี่ยนอะไหล่ปั๊มน้ำ,False,247
5130,101,20,2026-07-21,บำรุงรักษาเครื่องยนต์ทั่วไป,True,70
5131,82,18,2026-08-22,บำรุงรักษาเครื่องยนต์ทั่วไป,False,109
5132,57,9,2026-09-21,เปลี่ยนอะไหล่เครื่องตัดหญ้า,False,416
5133,128,9,2026-05-12,เปลี่ยนอะไหล่เครื่องตัดหญ้า,False,374
5134,89,8,2025-04-20,เปลี่ยนอะไหล่เครื่องตัดหญ้า,True,147
5135,23,7,2025-09-06,เปลี่ยนอะไหล่เครื่องตัดหญ้า,True,139
5136,86,13,2026-07-05,ซ่อมเครื่องพ่นยา,False,503
5137,54,11,2025-12-13,ซ่อมเครื่องพ่นยา,False,2258
5138,28,8,2025-07-13,เปลี่ยนอะไหล่เครื่องตัดหญ้า,False,201
5139,108,13,2026-07-14,ซ่อมเครื่องพ่นยา,True,365
5140,97,16,2025-05-10,เปลี่ยนอะไหล่ปั๊มน้ำ,False,340
5141,123,20,2025-09-30,บำรุงรักษาเครื่องยนต์ทั่วไป,True,59
5142,58,5,2026-09-05,เปลี่ยนอะไหล่ปั๊มน้ำ,False,71
5143,9,3,2025-05-07,เปลี่ยนอะไหล่ปั๊มน้ำ,True,81
5144,27,15,2025-08-18,บำรุงรักษาเครื่องยนต์ทั่วไป,True,140
5145,42,15,2025-02-27,บำรุงรักษาเครื่องยนต์ทั่วไป,True,167
5146,24,17,2026-07-23,เปลี่ยนอะไหล่ปั๊มน้ำ,True,236
5147,124,12,2025-09-20,ซ่อมเครื่องพ่นยา,True,1040
5148,43,5,2026-07-02,เปลี่ยนอะไหล่ปั๊มน้ำ,True,60
5149,26,6,2026-04-17,เปลี่ยนอะไหล่เครื่องตัดหญ้า,False,426
5150,68,18,2025-09-15,บำรุงรักษาเครื่องยนต์ทั่วไป,True,91
5151,13,16,2026-05-29,เปลี่ยนอะไหล่ปั๊มน้ำ,True,252
5152,40,7,2025-11-02,เปลี่ยนอะไหล่เครื่องตัดหญ้า,True,137
5153,76,14,2025-02-12,ซ่อมเครื่องพ่นยา,True,98
5154,25,18,2026-05-30,บำรุงรักษาเครื่องยนต์ทั่วไป,True,100
5155,21,15,2025-01-20,บำรุงรักษาเครื่องยนต์ทั่วไป,True,156
5156,102,19,2026-01-03,บำรุงรักษาเครื่องยนต์ทั่วไป,False,446
5157,68,4,2026-01-01,เปลี่ยนอะไหล่ปั๊มน้ำ,False,334
5158,100,10,2025-03-12,เปลี่ยนอะไหล่เครื่องตัดหญ้า,False,928
5159,48,12,2025-05-24,ซ่อมเครื่องพ่นยา,True,973
5160,68,13,2025-12-13,ซ่อมเครื่องพ่นยา,True,371
5161,16,10,2025-06-25,เปลี่ยนอะไหล่เครื่องตัดหญ้า,False,978
5162,22,14,2025-04-28,ซ่อมเครื่องพ่นยา,False,132
5163,59,7,2026-06-03,เปลี่ยนอะไหล่เครื่องตัดหญ้า,True,127
5164,100,10,2026-03-06,เปลี่ยนอะไหล่เครื่องตัดหญ้า,False,780
5165,122,4,2026-09-28,เปลี่ยนอะไหล่ปั๊มน้ำ,False,338
5166,122,11,2026-03-21,ซ่อมเครื่องพ่นยา,False,2911
5167,9,8,2025-08-21,เปลี่ยนอะไหล่เครื่องตัดหญ้า,True,187
5168,38,5,2026-01-25,เปลี่ยนอะไหล่ปั๊มน้ำ,True,54
5169,115,10,2025-04-04,เปลี่ยนอะไหล่เครื่องตัดหญ้า,False,1007
5170,55,15,2025-05-15,บำรุงรักษาเครื่องยนต์ทั่วไป,False,171
5171,21,18,2026-09-20,บำรุงรักษาเครื่องยนต์ทั่วไป,True,87
5172,38,9,2026-06-15,เปลี่ยนอะไหล่เครื่องตัดหญ้า,False,360
5173,18,19,2026-04-08,บำรุงรักษาเครื่องยนต์ทั่วไป,True,421
5174,102,9,2025-03-09,เปลี่ยนอะไหล่เครื่องตัดหญ้า,False,355
5175,71,11,2026-03-05,ซ่อมเครื่องพ่นยา,False,2494
5176,134,20,2026-02-08,บำรุงรักษาเครื่องยนต์ทั่วไป,True,73
5177,38,15,2026-08-31,บำรุงรักษาเครื่องยนต์ทั่วไป,True,147
5178,26,3,2026-03-17,เปลี่ยนอะไหล่ปั๊มน้ำ,True,80
5179,74,2,2025-03-24,เปลี่ยนอะไหล่ปั๊มน้ำ,True,408
5180,68,2,2026-02-21,เปลี่ยนอะไหล่ปั๊มน้ำ,False,639
5181,122,9,2025-10-25,เปลี่ยนอะไหล่เครื่องตัดหญ้า,False,383
5182,104,11,2025-01-30,ซ่อมเครื่องพ่นยา,False,2379
5183,103,12,2025-04-22,ซ่อมเครื่องพ่นยา,True,1060
5184,85,11,2025-01-31,ซ่อมเครื่องพ่นยา,False,2546
5185,122,10,2026-06-21,เปลี่ยนอะไหล่เครื่องตัดหญ้า,False,825
5186,78,12,2025-07-28,ซ่อมเครื่องพ่นยา,False,1087
5187,26,17,2025-08-30,เปลี่ยนอะไหล่ปั๊มน้ำ,True,208
5188,114,14,2025-06-27,ซ่อมเครื่องพ่นยา,True,114
5189,69,9,2026-08-25,เปลี่ยนอะไหล่เครื่องตัดหญ้า,False,401
5190,49,7,2026-07-21,เปลี่ยนอะไหล่เครื่องตัดหญ้า,True,131
5191,125,8,2025-12-10,เปลี่ยนอะไหล่เครื่องตัดหญ้า,True,183
5192,15,3,2026-08-13,เปลี่ยนอะไหล่ปั๊มน้ำ,True,72
5193,130,2,2026-02-05,เปลี่ยนอะไหล่ปั๊มน้ำ,False,505
5194,8,18,2025-11-10,บำรุงรักษาเครื่องยนต์ทั่วไป,True,110
5195,15,5,2025-05-15,เปลี่ยนอะไหล่ปั๊มน้ำ,True,59
5196,93,17,2025-07-13,เปลี่ยนอะไหล่ปั๊มน้ำ,True,182
5197,119,2,2026-07-02,เปลี่ยนอะไหล่ปั๊มน้ำ,True,444
5198,8,6,2026-01-28,เปลี่ยนอะไหล่เครื่องตัดหญ้า,True,423
5199,46,2,2025-07-07,เปลี่ยนอะไหล่ปั๊มน้ำ,True,474
5200,42,7,2026-01-04,เปลี่ยนอะไหล่เครื่องตัดหญ้า,True,120
5201,73,12,2025-07-20,ซ่อมเครื่องพ่นยา,False,1327
5202,55,18,2025-01-22,บำรุงรักษาเครื่องยนต์ทั่วไป,True,90
5203,53,10,2025-06-21,เปลี่ยนอะไหล่เครื่องตัดหญ้า,False,930
5204,3,3,2025-07-29,เปลี่ยนอะไหล่ปั๊มน้ำ,False,94
5205,3,18,2026-01-04,บำรุงรักษาเครื่องยนต์ทั่วไป,False,131
5206,79,8,2025-06-23,เปลี่ยนอะไหล่เครื่องตัดหญ้า,True,182
5207,71,11,2026-07-08,ซ่อมเครื่องพ่นยา,False,2975
5208,118,7,2025-11-26,เปลี่ยนอะไหล่เครื่องตัดหญ้า,False,173
5209,78,11,2025-07-15,ซ่อมเครื่องพ่นยา,False,2413
5210,27,19,2026-06-10,บำรุงรักษาเครื่องยนต์ทั่วไป,True,391
5211,96,4,2025-01-06,เปลี่ยนอะไหล่ปั๊มน้ำ,False,337
5212,77,13,2026-03-13,ซ่อมเครื่องพ่นยา,True,389
5213,17,9,2026-06-16,เปลี่ยนอะไหล่เครื่องตัดหญ้า,False,326
5214,71,2,2025-09-19,เปลี่ยนอะไหล่ปั๊มน้ำ,False,600
5215,77,16,2025-07-22,เปลี่ยนอะไหล่ปั๊มน้ำ,False,385
5216,15,5,2025-05-27,เปลี่ยนอะไหล่ปั๊มน้ำ,True,58
5217,104,15,2026-09-18,บำรุงรักษาเครื่องยนต์ทั่วไป,False,205
5218,7,1,2026-05-29,เปลี่ยนอะไหล่ปั๊มน้ำ,True,188
5219,76,9,2026-05-25,เปลี่ยนอะไหล่เครื่องตัดหญ้า,False,367
5220,10,20,2025-07-21,บำรุงรักษาเครื่องยนต์ทั่วไป,False,81
5221,49,8,2026-03-29,เปลี่ยนอะไหล่เครื่องตัดหญ้า,False,214
5222,122,7,2025-09-24,เปลี่ยนอะไหล่เครื่องตัดหญ้า,False,145
5223,44,1,2026-06-06,เปลี่ยนอะไหล่ปั๊มน้ำ,True,197
5224,25,7,2026-05-26,เปลี่ยนอะไหล่เครื่องตัดหญ้า,False,143
5225,47,7,2026-01-01,เปลี่ยนอะไหล่เครื่องตัดหญ้า,True,116
5226,57,18,2026-06-12,บำรุงรักษาเครื่องยนต์ทั่วไป,False,131
5227,108,17,2025-10-03,เปลี่ยนอะไหล่ปั๊มน้ำ,True,232
5228,76,12,2026-09-05,ซ่อมเครื่องพ่นยา,False,1213
5229,19,17,2025-12-27,เปลี่ยนอะไหล่ปั๊มน้ำ,False,260
5230,98,20,2026-01-02,บำรุงรักษาเครื่องยนต์ทั่วไป,False,84
5231,39,17,2026-02-16,เปลี่ยนอะไหล่ปั๊มน้ำ,True,183
5232,118,18,2025-04-17,บำรุงรักษาเครื่องยนต์ทั่วไป,False,120
5233,47,11,2025-04-22,ซ่อมเครื่องพ่นยา,False,2487
5234,46,16,2026-08-29,เปลี่ยนอะไหล่ปั๊มน้ำ,True,259
5235,71,8,2025-09-01,เปลี่ยนอะไหล่เครื่องตัดหญ้า,True,144
5236,41,12,2025-06-12,ซ่อมเครื่องพ่นยา,False,1140
5237,34,1,2026-01-16,เปลี่ยนอะไหล่ปั๊มน้ำ,False,283
5238,110,19,2026-04-23,บำรุงรักษาเครื่องยนต์ทั่วไป,True,369
5239,52,6,2026-01-06,เปลี่ยนอะไหล่เครื่องตัดหญ้า,True,328
5240,83,12,2026-07-22,ซ่อมเครื่องพ่นยา,True,868
5241,2,8,2026-08-11,เปลี่ยนอะไหล่เครื่องตัดหญ้า,False,191
5242,89,3,2026-05-02,เปลี่ยนอะไหล่ปั๊มน้ำ,False,87
5243,79,5,2025-08-31,เปลี่ยนอะไหล่ปั๊มน้ำ,True,52
5244,75,2,2025-05-10,เปลี่ยนอะไหล่ปั๊มน้ำ,True,401
5245,87,14,2025-12-21,ซ่อมเครื่องพ่นยา,False,129
5246,88,5,2025-12-03,เปลี่ยนอะไหล่ปั๊มน้ำ,False,77
5247,104,12,2026-01-16,ซ่อมเครื่องพ่นยา,True,917
5248,34,9,2025-01-15,เปลี่ยนอะไหล่เครื่องตัดหญ้า,False,338
5249,44,16,2025-06-14,เปลี่ยนอะไหล่ปั๊มน้ำ,False,349
5250,10,2,2025-04-06,เปลี่ยนอะไหล่ปั๊มน้ำ,True,481
5251,13,20,2025-10-19,บำรุงรักษาเครื่องยนต์ทั่วไป,False,78
5252,6,14,2026-04-07,ซ่อมเครื่องพ่นยา,False,131
5253,98,13,2025-02-07,ซ่อมเครื่องพ่นยา,False,461
5254,40,12,2025-04-06,ซ่อมเครื่องพ่นยา,True,1000
5255,78,7,2025-06-09,เปลี่ยนอะไหล่เครื่องตัดหญ้า,False,163
5256,70,2,2025-11-23,เปลี่ยนอะไหล่ปั๊มน้ำ,False,604
5257,27,2,2026-04-29,เปลี่ยนอะไหล่ปั๊มน้ำ,True,413
5258,30,5,2026-02-02,เปลี่ยนอะไหล่ปั๊มน้ำ,False,60
5259,52,14,2026-09-02,ซ่อมเครื่องพ่นยา,True,92
5260,134,9,2026-08-28,เปลี่ยนอะไหล่เครื่องตัดหญ้า,False,342
5261,105,11,2025-06-06,ซ่อมเครื่องพ่นยา,False,2518
5262,54,19,2025-08-18,บำรุงรักษาเครื่องยนต์ทั่วไป,True,382
5263,85,11,2026-06-19,ซ่อมเครื่องพ่นยา,False,2949
5264,23,10,2025-07-02,เปลี่ยนอะไหล่เครื่องตัดหญ้า,False,765
5265,127,11,2025-03-27,ซ่อมเครื่องพ่นยา,False,2876
5266,20,6,2025-04-26,เปลี่ยนอะไหล่เครื่องตัดหญ้า,False,510
5267,60,12,2026-07-17,ซ่อมเครื่องพ่นยา,False,1405
5268,76,11,2025-12-21,ซ่อมเครื่องพ่นยา,False,2991
5269,26,4,2025-07-25,เปลี่ยนอะไหล่ปั๊มน้ำ,False,332
5270,75,7,2026-09-24,เปลี่ยนอะไหล่เครื่องตัดหญ้า,True,108
5271,81,11,2025-10-07,ซ่อมเครื่องพ่นยา,False,2851
5272,12,16,2025-11-27,เปลี่ยนอะไหล่ปั๊มน้ำ,False,301
5273,44,1,2025-01-08,เปลี่ยนอะไหล่ปั๊มน้ำ,False,274
5274,69,7,2025-09-13,เปลี่ยนอะไหล่เครื่องตัดหญ้า,True,123
5275,88,11,2026-07-24,ซ่อมเครื่องพ่นยา,False,2319
5276,117,7,2025-05-23,เปลี่ยนอะไหล่เครื่องตัดหญ้า,True,122
5277,123,6,2025-07-31,เปลี่ยนอะไหล่เครื่องตัดหญ้า,False,498
5278,43,15,2026-09-14,บำรุงรักษาเครื่องยนต์ทั่วไป,True,167
5279,41,17,2025-03-29,เปลี่ยนอะไหล่ปั๊มน้ำ,True,223
5280,113,7,2025-03-22,เปลี่ยนอะไหล่เครื่องตัดหญ้า,True,128
5281,92,4,2025-05-21,เปลี่ยนอะไหล่ปั๊มน้ำ,False,346
5282,34,8,2026-04-20,เปลี่ยนอะไหล่เครื่องตัดหญ้า,True,176
5283,106,13,2026-01-11,ซ่อมเครื่องพ่นยา,False,420
5284,81,17,2025-12-09,เปลี่ยนอะไหล่ปั๊มน้ำ,True,195
5285,135,4,2025-01-10,เปลี่ยนอะไหล่ปั๊มน้ำ,False,355
5286,58,13,2026-08-20,ซ่อมเครื่องพ่นยา,False,502
5287,25,13,2026-06-05,ซ่อมเครื่องพ่นยา,False,475
5288,89,15,2025-12-03,บำรุงรักษาเครื่องยนต์ทั่วไป,False,175
5289,14,8,2026-05-31,เปลี่ยนอะไหล่เครื่องตัดหญ้า,False,203
5290,41,4,2025-01-10,เปลี่ยนอะไหล่ปั๊มน้ำ,False,349
5291,43,14,2026-01-28,ซ่อมเครื่องพ่นยา,False,138
5292,85,3,2025-02-28,เปลี่ยนอะไหล่ปั๊มน้ำ,False,89
5293,58,11,2025-08-05,ซ่อมเครื่องพ่นยา,False,2287
5294,61,1,2026-03-04,เปลี่ยนอะไหล่ปั๊มน้ำ,True,204
5295,115,16,2025-03-03,เปลี่ยนอะไหล่ปั๊มน้ำ,True,296
5296,31,8,2025-03-10,เปลี่ยนอะไหล่เครื่องตัดหญ้า,False,206
5297,104,6,2026-01-22,เปลี่ยนอะไหล่เครื่องตัดหญ้า,False,407
5298,24,14,2025-11-17,ซ่อมเครื่องพ่นยา,True,101
5299,78,14,2026-09-07,ซ่อมเครื่องพ่นยา,True,104
5300,117,7,2026-01-30,เปลี่ยนอะไหล่เครื่องตัดหญ้า,True,131
5301,58,17,2025-09-22,เปลี่ยนอะไหล่ปั๊มน้ำ,True,183
5302,122,1,2025-12-19,เปลี่ยนอะไหล่ปั๊มน้ำ,True,225
5303,30,7,2026-07-11,เปลี่ยนอะไหล่เครื่องตัดหญ้า,False,167
5304,88,20,2025-03-17,บำรุงรักษาเครื่องยนต์ทั่วไป,False,77
5305,75,6,2025-10-03,เปลี่ยนอะไหล่เครื่องตัดหญ้า,False,535
5306,12,12,2026-03-02,ซ่อมเครื่องพ่นยา,True,1065
5307,105,12,2025-05-08,ซ่อมเครื่องพ่นยา,True,1100
5308,31,8,2025-03-25,เปลี่ยนอะไหล่เครื่องตัดหญ้า,True,152
5309,49,16,2025-11-02,เปลี่ยนอะไหล่ปั๊มน้ำ,True,297
5310,12,14,2026-07-11,ซ่อมเครื่องพ่นยา,True,108
5311,116,14,2026-05-07,ซ่อมเครื่องพ่นยา,False,129
5312,35,12,2025-12-22,ซ่อมเครื่องพ่นยา,False,1424
5313,111,8,2026-01-23,เปลี่ยนอะไหล่เครื่องตัดหญ้า,True,179
5314,46,12,2026-03-31,ซ่อมเครื่องพ่นยา,True,1009
5315,33,3,2026-06-22,เปลี่ยนอะไหล่ปั๊มน้ำ,True,80
5316,83,18,2025-03-22,บำรุงรักษาเครื่องยนต์ทั่วไป,True,103
5317,64,8,2026-01-27,เปลี่ยนอะไหล่เครื่องตัดหญ้า,False,205
5318,88,10,2025-08-01,เปลี่ยนอะไหล่เครื่องตัดหญ้า,False,866
5319,106,17,2025-08-17,เปลี่ยนอะไหล่ปั๊มน้ำ,True,188
5320,132,9,2026-04-13,เปลี่ยนอะไหล่เครื่องตัดหญ้า,False,388
5321,81,19,2025-08-21,บำรุงรักษาเครื่องยนต์ทั่วไป,False,478
5322,56,4,2026-07-07,เปลี่ยนอะไหล่ปั๊มน้ำ,False,358
5323,75,10,2025-06-06,เปลี่ยนอะไหล่เครื่องตัดหญ้า,False,818
5324,46,17,2026-06-18,เปลี่ยนอะไหล่ปั๊มน้ำ,True,220
5325,30,19,2026-01-27,บำรุงรักษาเครื่องยนต์ทั่วไป,True,392
5326,107,6,2026-08-14,เปลี่ยนอะไหล่เครื่องตัดหญ้า,True,375
5327,74,1,2026-06-08,เปลี่ยนอะไหล่ปั๊มน้ำ,False,288
5328,7,15,2025-11-25,บำรุงรักษาเครื่องยนต์ทั่วไป,False,190
5329,52,18,2025-10-23,บำรุงรักษาเครื่องยนต์ทั่วไป,True,105
5330,74,18,2025-07-27,บำรุงรักษาเครื่องยนต์ทั่วไป,False,113
5331,16,11,2026-06-15,ซ่อมเครื่องพ่นยา,False,2437
5332,9,7,2026-06-21,เปลี่ยนอะไหล่เครื่องตัดหญ้า,False,144
5333,58,14,2025-10-06,ซ่อมเครื่องพ่นยา,False,111
5334,131,14,2026-07-31,ซ่อมเครื่องพ่นยา,True,96
5335,13,13,2026-09-02,ซ่อมเครื่องพ่นยา,False,498
5336,81,18,2025-10-24,บำรุงรักษาเครื่องยนต์ทั่วไป,True,113
5337,52,20,2026-03-05,บำรุงรักษาเครื่องยนต์ทั่วไป,True,71
5338,114,15,2026-04-28,บำรุงรักษาเครื่องยนต์ทั่วไป,False,208
5339,95,1,2025-06-25,เปลี่ยนอะไหล่ปั๊มน้ำ,False,277
5340,51,20,2026-08-10,บำรุงรักษาเครื่องยนต์ทั่วไป,True,71
5341,50,9,2026-08-26,เปลี่ยนอะไหล่เครื่องตัดหญ้า,False,391
5342,20,7,2025-08-17,เปลี่ยนอะไหล่เครื่องตัดหญ้า,True,143
5343,31,2,2025-05-26,เปลี่ยนอะไหล่ปั๊มน้ำ,False,616
5344,68,8,2025-10-20,เปลี่ยนอะไหล่เครื่องตัดหญ้า,True,156
5345,66,11,2025-04-12,ซ่อมเครื่องพ่นยา,False,2370
5346,40,11,2025-01-05,ซ่อมเครื่องพ่นยา,False,2497
5347,83,10,2025-02-01,เปลี่ยนอะไหล่เครื่องตัดหญ้า,False,804
5348,78,6,2026-04-09,เปลี่ยนอะไหล่เครื่องตัดหญ้า,True,424
5349,19,13,2026-01-17,ซ่อมเครื่องพ่นยา,False,479
5350,48,6,2026-09-01,เปลี่ยนอะไหล่เครื่องตัดหญ้า,False,475
5351,130,9,2026-02-09,เปลี่ยนอะไหล่เครื่องตัดหญ้า,False,322
5352,24,14,2025-05-04,ซ่อมเครื่องพ่นยา,True,101
5353,85,7,2025-09-29,เปลี่ยนอะไหล่เครื่องตัดหญ้า,True,115
5354,122,16,2025-09-15,เปลี่ยนอะไหล่ปั๊มน้ำ,True,250
5355,3,19,2026-03-13,บำรุงรักษาเครื่องยนต์ทั่วไป,False,537
5356,63,17,2025-03-31,เปลี่ยนอะไหล่ปั๊มน้ำ,False,258
5357,30,17,2025-01-31,เปลี่ยนอะไหล่ปั๊มน้ำ,False,249
5358,7,2,2025-10-27,เปลี่ยนอะไหล่ปั๊มน้ำ,True,491
5359,131,17,2026-02-06,เปลี่ยนอะไหล่ปั๊มน้ำ,False,253
5360,50,3,2025-12-13,เปลี่ยนอะไหล่ปั๊มน้ำ,True,71
5361,43,6,2025-09-06,เปลี่ยนอะไหล่เครื่องตัดหญ้า,True,426
5362,17,3,2026-08-24,เปลี่ยนอะไหล่ปั๊มน้ำ,True,64
5363,109,3,2025-06-13,เปลี่ยนอะไหล่ปั๊มน้ำ,False,101
5364,112,11,2025-03-22,ซ่อมเครื่องพ่นยา,False,2404
5365,40,13,2026-05-18,ซ่อมเครื่องพ่นยา,False,414
5366,23,14,2025-01-19,ซ่อมเครื่องพ่นยา,True,95
5367,19,13,2025-02-26,ซ่อมเครื่องพ่นยา,True,409
5368,67,9,2026-03-23,เปลี่ยนอะไหล่เครื่องตัดหญ้า,False,401
5369,111,5,2025-11-13,เปลี่ยนอะไหล่ปั๊มน้ำ,True,56
5370,31,10,2025-09-03,เปลี่ยนอะไหล่เครื่องตัดหญ้า,False,769
5371,17,8,2026-02-20,เปลี่ยนอะไหล่เครื่องตัดหญ้า,True,178
5372,12,4,2026-08-11,เปลี่ยนอะไหล่ปั๊มน้ำ,False,359
5373,129,8,2026-06-29,เปลี่ยนอะไหล่เครื่องตัดหญ้า,False,201
5374,23,7,2025-03-24,เปลี่ยนอะไหล่เครื่องตัดหญ้า,True,132
5375,113,9,2025-08-07,เปลี่ยนอะไหล่เครื่องตัดหญ้า,False,395
5376,122,5,2025-10-24,เปลี่ยนอะไหล่ปั๊มน้ำ,True,56
5377,101,8,2025-05-02,เปลี่ยนอะไหล่เครื่องตัดหญ้า,True,150
5378,37,14,2026-09-11,ซ่อมเครื่องพ่นยา,False,127
5379,96,6,2025-08-20,เปลี่ยนอะไหล่เครื่องตัดหญ้า,False,528
5380,32,19,2025-01-09,บำรุงรักษาเครื่องยนต์ทั่วไป,True,383
5381,101,9,2025-02-02,เปลี่ยนอะไหล่เครื่องตัดหญ้า,False,315
5382,54,6,2026-02-22,เปลี่ยนอะไหล่เครื่องตัดหญ้า,True,332
5383,55,2,2026-08-05,เปลี่ยนอะไหล่ปั๊มน้ำ,False,614
5384,37,15,2025-11-17,บำรุงรักษาเครื่องยนต์ทั่วไป,False,207
5385,65,17,2025-05-06,เปลี่ยนอะไหล่ปั๊มน้ำ,True,216
5386,14,16,2025-05-31,เปลี่ยนอะไหล่ปั๊มน้ำ,True,285
5387,119,16,2026-08-07,เปลี่ยนอะไหล่ปั๊มน้ำ,False,389
5388,18,13,2026-05-16,ซ่อมเครื่องพ่นยา,True,355
5389,125,5,2025-07-14,เปลี่ยนอะไหล่ปั๊มน้ำ,True,57
5390,61,9,2025-09-14,เปลี่ยนอะไหล่เครื่องตัดหญ้า,False,352
5391,18,10,2025-03-19,เปลี่ยนอะไหล่เครื่องตัดหญ้า,False,837
5392,79,20,2025-05-31,บำรุงรักษาเครื่องยนต์ทั่วไป,True,65
5393,94,18,2026-06-23,บำรุงรักษาเครื่องยนต์ทั่วไป,True,102
5394,2,20,2026-09-20,บำรุงรักษาเครื่องยนต์ทั่วไป,True,65
5395,57,4,2025-09-01,เปลี่ยนอะไหล่ปั๊มน้ำ,False,311
5396,112,4,2026-07-08,เปลี่ยนอะไหล่ปั๊มน้ำ,False,359
5397,85,8,2025-08-03,เปลี่ยนอะไหล่เครื่องตัดหญ้า,False,188
5398,92,10,2026-01-08,เปลี่ยนอะไหล่เครื่องตัดหญ้า,False,883
5399,45,2,2026-08-25,เปลี่ยนอะไหล่ปั๊มน้ำ,True,468
5400,36,8,2026-05-17,เปลี่ยนอะไหล่เครื่องตัดหญ้า,True,184
5401,20,1,2026-02-23,เปลี่ยนอะไหล่ปั๊มน้ำ,True,224
5402,130,3,2026-07-20,เปลี่ยนอะไหล่ปั๊มน้ำ,True,64
5403,104,14,2026-05-06,ซ่อมเครื่องพ่นยา,True,102
5404,10,9,2026-08-21,เปลี่ยนอะไหล่เครื่องตัดหญ้า,False,376
5405,121,11,2026-03-05,ซ่อมเครื่องพ่นยา,False,2445
5406,58,7,2026-05-23,เปลี่ยนอะไหล่เครื่องตัดหญ้า,False,151
5407,35,7,2026-08-23,เปลี่ยนอะไหล่เครื่องตัดหญ้า,True,138
5408,94,17,2025-12-27,เปลี่ยนอะไหล่ปั๊มน้ำ,True,184
5409,43,19,2026-01-26,บำรุงรักษาเครื่องยนต์ทั่วไป,True,349
5410,46,8,2026-08-12,เปลี่ยนอะไหล่เครื่องตัดหญ้า,True,164
5411,38,13,2026-03-16,ซ่อมเครื่องพ่นยา,False,494
5412,11,14,2026-07-26,ซ่อมเครื่องพ่นยา,False,141
5413,68,15,2025-06-19,บำรุงรักษาเครื่องยนต์ทั่วไป,False,174
5414,133,8,2025-10-14,เปลี่ยนอะไหล่เครื่องตัดหญ้า,True,176
5415,117,17,2026-09-07,เปลี่ยนอะไหล่ปั๊มน้ำ,True,208
5416,27,7,2025-02-06,เปลี่ยนอะไหล่เครื่องตัดหญ้า,True,131
5417,71,2,2026-07-01,เปลี่ยนอะไหล่ปั๊มน้ำ,False,599
5418,45,4,2026-07-31,เปลี่ยนอะไหล่ปั๊มน้ำ,False,313
5419,20,3,2025-10-20,เปลี่ยนอะไหล่ปั๊มน้ำ,False,90
5420,58,14,2026-02-06,ซ่อมเครื่องพ่นยา,True,114
5421,89,16,2026-02-06,เปลี่ยนอะไหล่ปั๊มน้ำ,True,297
5422,2,13,2026-01-14,ซ่อมเครื่องพ่นยา,False,524
5423,59,19,2026-01-25,บำรุงรักษาเครื่องยนต์ทั่วไป,False,464
5424,39,7,2025-03-01,เปลี่ยนอะไหล่เครื่องตัดหญ้า,True,117
5425,31,8,2025-05-26,เปลี่ยนอะไหล่เครื่องตัดหญ้า,True,172
5426,85,11,2026-05-29,ซ่อมเครื่องพ่นยา,False,2422
5427,123,7,2026-07-14,เปลี่ยนอะไหล่เครื่องตัดหญ้า,True,132
5428,106,13,2025-06-13,ซ่อมเครื่องพ่นยา,True,393
5429,42,6,2025-01-18,เปลี่ยนอะไหล่เครื่องตัดหญ้า,True,337
5430,38,18,2025-04-15,บำรุงรักษาเครื่องยนต์ทั่วไป,True,87
5431,133,5,2025-02-13,เปลี่ยนอะไหล่ปั๊มน้ำ,True,60
5432,5,3,2025-11-11,เปลี่ยนอะไหล่ปั๊มน้ำ,True,76
5433,73,11,2026-07-13,ซ่อมเครื่องพ่นยา,False,2795
5434,121,18,2025-03-08,บำรุงรักษาเครื่องยนต์ทั่วไป,True,103
5435,37,12,2026-01-10,ซ่อมเครื่องพ่นยา,True,1102
5436,47,9,2026-09-10,เปลี่ยนอะไหล่เครื่องตัดหญ้า,False,376
5437,88,13,2026-04-30,ซ่อมเครื่องพ่นยา,False,440
5438,18,4,2025-12-19,เปลี่ยนอะไหล่ปั๊มน้ำ,False,345
5439,5,14,2025-06-28,ซ่อมเครื่องพ่นยา,True,89
5440,108,13,2025-06-07,ซ่อมเครื่องพ่นยา,True,421
5441,10,17,2025-04-27,เปลี่ยนอะไหล่ปั๊มน้ำ,True,190
5442,24,12,2026-09-01,ซ่อมเครื่องพ่นยา,True,1080
5443,1,17,2026-01-10,เปลี่ยนอะไหล่ปั๊มน้ำ,False,292
5444,108,5,2026-08-25,เปลี่ยนอะไหล่ปั๊มน้ำ,False,66
5445,110,4,2025-10-15,เปลี่ยนอะไหล่ปั๊มน้ำ,False,371
5446,124,9,2025-06-28,เปลี่ยนอะไหล่เครื่องตัดหญ้า,False,413
5447,90,4,2026-09-06,เปลี่ยนอะไหล่ปั๊มน้ำ,False,361
5448,26,17,2026-04-03,เปลี่ยนอะไหล่ปั๊มน้ำ,False,293
5449,123,11,2025-11-27,ซ่อมเครื่องพ่นยา,False,2350
5450,73,6,2026-08-18,เปลี่ยนอะไหล่เครื่องตัดหญ้า,True,416
5451,49,12,2026-04-10,ซ่อมเครื่องพ่นยา,False,1227
5452,2,10,2025-01-05,เปลี่ยนอะไหล่เครื่องตัดหญ้า,False,945
5453,97,18,2026-03-25,บำรุงรักษาเครื่องยนต์ทั่วไป,True,100
5454,105,18,2026-05-24,บำรุงรักษาเครื่องยนต์ทั่วไป,True,108
5455,65,16,2025-10-09,เปลี่ยนอะไหล่ปั๊มน้ำ,True,267
5456,94,3,2025-07-22,เปลี่ยนอะไหล่ปั๊มน้ำ,False,92
5457,53,2,2026-04-21,เปลี่ยนอะไหล่ปั๊มน้ำ,True,485
5458,46,5,2025-11-17,เปลี่ยนอะไหล่ปั๊มน้ำ,True,55
5459,79,2,2025-10-15,เปลี่ยนอะไหล่ปั๊มน้ำ,True,459
5460,36,19,2026-03-25,บำรุงรักษาเครื่องยนต์ทั่วไป,True,400
5461,59,9,2026-05-28,เปลี่ยนอะไหล่เครื่องตัดหญ้า,False,327
5462,26,19,2025-12-13,บำรุงรักษาเครื่องยนต์ทั่วไป,False,533
5463,87,4,2025-06-16,เปลี่ยนอะไหล่ปั๊มน้ำ,False,336
5464,14,3,2026-09-15,เปลี่ยนอะไหล่ปั๊มน้ำ,True,79
5465,24,13,2025-05-05,ซ่อมเครื่องพ่นยา,True,392
5466,23,6,2025-04-23,เปลี่ยนอะไหล่เครื่องตัดหญ้า,True,388
5467,10,13,2025-02-19,ซ่อมเครื่องพ่นยา,True,364
5468,134,20,2026-07-17,บำรุงรักษาเครื่องยนต์ทั่วไป,True,76
5469,15,4,2025-08-11,เปลี่ยนอะไหล่ปั๊มน้ำ,False,356
5470,113,6,2026-08-24,เปลี่ยนอะไหล่เครื่องตัดหญ้า,False,491
5471,133,13,2025-01-09,ซ่อมเครื่องพ่นยา,True,394
5472,131,16,2025-08-11,เปลี่ยนอะไหล่ปั๊มน้ำ,True,294
5473,10,6,2026-02-05,เปลี่ยนอะไหล่เครื่องตัดหญ้า,False,488
5474,41,16,2025-10-07,เปลี่ยนอะไหล่ปั๊มน้ำ,True,233
5475,91,15,2025-03-09,บำรุงรักษาเครื่องยนต์ทั่วไป,False,204
5476,133,6,2026-06-05,เปลี่ยนอะไหล่เครื่องตัดหญ้า,True,387
5477,18,4,2025-01-12,เปลี่ยนอะไหล่ปั๊มน้ำ,False,358
5478,90,6,2025-03-12,เปลี่ยนอะไหล่เครื่องตัดหญ้า,True,402
5479,50,7,2025-09-27,เปลี่ยนอะไหล่เครื่องตัดหญ้า,False,147
5480,67,8,2025-12-20,เปลี่ยนอะไหล่เครื่องตัดหญ้า,False,214
5481,19,17,2025-05-16,เปลี่ยนอะไหล่ปั๊มน้ำ,True,185
5482,132,13,2026-01-26,ซ่อมเครื่องพ่นยา,True,425
5483,65,11,2025-07-20,ซ่อมเครื่องพ่นยา,False,2907
5484,124,12,2026-06-24,ซ่อมเครื่องพ่นยา,True,972
5485,118,17,2026-08-22,เปลี่ยนอะไหล่ปั๊มน้ำ,True,200
5486,8,2,2026-06-14,เปลี่ยนอะไหล่ปั๊มน้ำ,True,472
5487,57,18,2026-01-10,บำรุงรักษาเครื่องยนต์ทั่วไป,True,88
5488,81,11,2026-06-10,ซ่อมเครื่องพ่นยา,False,2775
5489,3,14,2025-11-17,ซ่อมเครื่องพ่นยา,False,126
5490,24,17,2026-06-29,เปลี่ยนอะไหล่ปั๊มน้ำ,False,243
5491,20,3,2025-11-06,เปลี่ยนอะไหล่ปั๊มน้ำ,False,103
5492,91,13,2026-03-07,ซ่อมเครื่องพ่นยา,False,469
5493,49,15,2025-06-19,บำรุงรักษาเครื่องยนต์ทั่วไป,False,176
5494,62,15,2026-01-23,บำรุงรักษาเครื่องยนต์ทั่วไป,False,174
5495,52,10,2025-07-26,เปลี่ยนอะไหล่เครื่องตัดหญ้า,False,817
5496,92,9,2025-07-13,เปลี่ยนอะไหล่เครื่องตัดหญ้า,False,402
5497,31,11,2025-05-02,ซ่อมเครื่องพ่นยา,False,2834
5498,2,17,2025-03-02,เปลี่ยนอะไหล่ปั๊มน้ำ,False,274
5499,124,13,2026-08-17,ซ่อมเครื่องพ่นยา,False,534
5500,127,9,2025-10-16,เปลี่ยนอะไหล่เครื่องตัดหญ้า,False,380
5501,131,1,2026-03-23,เปลี่ยนอะไหล่ปั๊มน้ำ,False,261
5502,33,3,2025-08-06,เปลี่ยนอะไหล่ปั๊มน้ำ,True,80
5503,9,12,2025-02-12,ซ่อมเครื่องพ่นยา,True,985
5504,45,14,2026-01-26,ซ่อมเครื่องพ่นยา,True,110
5505,133,11,2025-12-22,ซ่อมเครื่องพ่นยา,False,2982
5506,54,17,2025-12-24,เปลี่ยนอะไหล่ปั๊มน้ำ,True,180
5507,67,18,2025-10-22,บำรุงรักษาเครื่องยนต์ทั่วไป,True,95
5508,61,4,2025-05-26,เปลี่ยนอะไหล่ปั๊มน้ำ,False,340
5509,94,17,2025-07-29,เปลี่ยนอะไหล่ปั๊มน้ำ,True,216
5510,54,4,2025-05-23,เปลี่ยนอะไหล่ปั๊มน้ำ,False,335
5511,103,13,2025-11-22,ซ่อมเครื่องพ่นยา,False,455
5512,34,9,2025-08-06,เปลี่ยนอะไหล่เครื่องตัดหญ้า,False,362
5513,70,3,2026-03-24,เปลี่ยนอะไหล่ปั๊มน้ำ,False,102
5514,98,15,2026-09-17,บำรุงรักษาเครื่องยนต์ทั่วไป,True,148
5515,39,17,2025-06-02,เปลี่ยนอะไหล่ปั๊มน้ำ,True,236
5516,46,11,2026-01-03,ซ่อมเครื่องพ่นยา,False,2854
5517,133,10,2025-11-24,เปลี่ยนอะไหล่เครื่องตัดหญ้า,False,892
5518,77,7,2026-02-19,เปลี่ยนอะไหล่เครื่องตัดหญ้า,False,170
5519,102,2,2025-07-14,เปลี่ยนอะไหล่ปั๊มน้ำ,True,470
5520,66,16,2025-03-18,เปลี่ยนอะไหล่ปั๊มน้ำ,False,298
5521,86,6,2026-01-06,เปลี่ยนอะไหล่เครื่องตัดหญ้า,False,418
5522,66,8,2025-07-21,เปลี่ยนอะไหล่เครื่องตัดหญ้า,True,170
5523,51,12,2025-09-25,ซ่อมเครื่องพ่นยา,True,898
5524,45,13,2026-03-25,ซ่อมเครื่องพ่นยา,True,393
5525,84,11,2026-08-30,ซ่อมเครื่องพ่นยา,False,2463
5526,115,20,2026-06-07,บำรุงรักษาเครื่องยนต์ทั่วไป,True,72
5527,38,17,2025-03-02,เปลี่ยนอะไหล่ปั๊มน้ำ,True,196
5528,108,13,2025-05-11,ซ่อมเครื่องพ่นยา,True,424
5529,104,4,2026-05-06,เปลี่ยนอะไหล่ปั๊มน้ำ,False,346
5530,81,7,2025-02-25,เปลี่ยนอะไหล่เครื่องตัดหญ้า,True,120
5531,102,3,2025-09-04,เปลี่ยนอะไหล่ปั๊มน้ำ,False,100
5532,93,13,2025-07-30,ซ่อมเครื่องพ่นยา,False,510
5533,106,6,2026-08-04,เปลี่ยนอะไหล่เครื่องตัดหญ้า,True,428
5534,61,5,2025-05-10,เปลี่ยนอะไหล่ปั๊มน้ำ,True,46
5535,21,8,2026-05-30,เปลี่ยนอะไหล่เครื่องตัดหญ้า,True,179
5536,17,7,2025-06-13,เปลี่ยนอะไหล่เครื่องตัดหญ้า,True,111
5537,7,4,2026-01-03,เปลี่ยนอะไหล่ปั๊มน้ำ,False,340
5538,22,8,2026-08-22,เปลี่ยนอะไหล่เครื่องตัดหญ้า,True,180
5539,100,17,2025-03-22,เปลี่ยนอะไหล่ปั๊มน้ำ,True,188
5540,114,15,2025-08-29,บำรุงรักษาเครื่องยนต์ทั่วไป,True,160
5541,44,8,2026-05-02,เปลี่ยนอะไหล่เครื่องตัดหญ้า,True,168
5542,84,5,2025-01-23,เปลี่ยนอะไหล่ปั๊มน้ำ,True,52
5543,70,12,2026-01-05,ซ่อมเครื่องพ่นยา,True,1114
5544,46,17,2026-03-03,เปลี่ยนอะไหล่ปั๊มน้ำ,True,237
5545,112,3,2026-04-04,เปลี่ยนอะไหล่ปั๊มน้ำ,True,78
5546,80,4,2026-02-11,เปลี่ยนอะไหล่ปั๊มน้ำ,False,349
5547,59,9,2025-09-27,เปลี่ยนอะไหล่เครื่องตัดหญ้า,False,365
5548,106,16,2026-09-18,เปลี่ยนอะไหล่ปั๊มน้ำ,True,257
5549,3,10,2025-07-21,เปลี่ยนอะไหล่เครื่องตัดหญ้า,False,804
5550,35,20,2025-01-01,บำรุงรักษาเครื่องยนต์ทั่วไป,True,72
5551,126,8,2025-09-25,เปลี่ยนอะไหล่เครื่องตัดหญ้า,True,169
5552,111,17,2026-08-10,เปลี่ยนอะไหล่ปั๊มน้ำ,True,180
5553,60,4,2026-09-12,เปลี่ยนอะไหล่ปั๊มน้ำ,False,316
5554,106,14,2026-09-11,ซ่อมเครื่องพ่นยา,True,96
5555,100,18,2026-03-12,บำรุงรักษาเครื่องยนต์ทั่วไป,True,92
5556,62,7,2025-10-21,เปลี่ยนอะไหล่เครื่องตัดหญ้า,True,110
5557,70,6,2026-02-06,เปลี่ยนอะไหล่เครื่องตัดหญ้า,False,527
5558,69,15,2025-08-10,บำรุงรักษาเครื่องยนต์ทั่วไป,True,152
5559,35,12,2025-11-17,ซ่อมเครื่องพ่นยา,True,883
5560,117,9,2025-08-13,เปลี่ยนอะไหล่เครื่องตัดหญ้า,False,326
5561,126,6,2026-04-25,เปลี่ยนอะไหล่เครื่องตัดหญ้า,True,399
5562,39,11,2025-05-26,ซ่อมเครื่องพ่นยา,False,2490
5563,27,14,2025-02-08,ซ่อมเครื่องพ่นยา,False,108
5564,113,11,2025-08-08,ซ่อมเครื่องพ่นยา,False,2451
5565,4,6,2026-07-19,เปลี่ยนอะไหล่เครื่องตัดหญ้า,True,333
5566,128,6,2026-01-19,เปลี่ยนอะไหล่เครื่องตัดหญ้า,True,368
5567,85,13,2025-10-16,ซ่อมเครื่องพ่นยา,True,408
5568,15,15,2025-03-04,บำรุงรักษาเครื่องยนต์ทั่วไป,False,213
5569,121,20,2025-07-26,บำรุงรักษาเครื่องยนต์ทั่วไป,False,73
5570,65,10,2025-05-22,เปลี่ยนอะไหล่เครื่องตัดหญ้า,False,814
5571,4,4,2026-09-27,เปลี่ยนอะไหล่ปั๊มน้ำ,False,324
5572,99,17,2025-04-05,เปลี่ยนอะไหล่ปั๊มน้ำ,False,278
5573,9,19,2026-08-23,บำรุงรักษาเครื่องยนต์ทั่วไป,False,438
5574,134,8,2025-06-04,เปลี่ยนอะไหล่เครื่องตัดหญ้า,True,180
5575,80,3,2026-06-02,เปลี่ยนอะไหล่ปั๊มน้ำ,False,93
5576,134,20,2025-09-08,บำรุงรักษาเครื่องยนต์ทั่วไป,True,71
5577,51,13,2025-04-05,ซ่อมเครื่องพ่นยา,True,392
5578,56,12,2025-10-07,ซ่อมเครื่องพ่นยา,False,1390
5579,112,10,2025-03-29,เปลี่ยนอะไหล่เครื่องตัดหญ้า,False,825
5580,71,9,2025-09-10,เปลี่ยนอะไหล่เครื่องตัดหญ้า,False,316
5581,3,16,2026-03-31,เปลี่ยนอะไหล่ปั๊มน้ำ,True,295
5582,40,5,2025-02-02,เปลี่ยนอะไหล่ปั๊มน้ำ,True,56
5583,64,11,2025-10-16,ซ่อมเครื่องพ่นยา,False,2828
5584,87,4,2025-05-03,เปลี่ยนอะไหล่ปั๊มน้ำ,False,335
5585,40,17,2026-08-13,เปลี่ยนอะไหล่ปั๊มน้ำ,True,183
5586,125,5,2026-06-29,เปลี่ยนอะไหล่ปั๊มน้ำ,True,48
5587,89,17,2025-06-30,เปลี่ยนอะไหล่ปั๊มน้ำ,True,212
5588,50,4,2026-09-18,เปลี่ยนอะไหล่ปั๊มน้ำ,False,373
5589,35,17,2025-01-17,เปลี่ยนอะไหล่ปั๊มน้ำ,False,251
5590,113,14,2025-07-14,ซ่อมเครื่องพ่นยา,False,125
5591,49,1,2026-03-11,เปลี่ยนอะไหล่ปั๊มน้ำ,True,221
5592,90,10,2026-03-17,เปลี่ยนอะไหล่เครื่องตัดหญ้า,False,812
5593,71,9,2025-09-09,เปลี่ยนอะไหล่เครื่องตัดหญ้า,False,391
5594,18,2,2026-04-11,เปลี่ยนอะไหล่ปั๊มน้ำ,False,586
5595,68,19,2026-02-17,บำรุงรักษาเครื่องยนต์ทั่วไป,True,355
5596,1,9,2026-02-25,เปลี่ยนอะไหล่เครื่องตัดหญ้า,False,353
5597,98,11,2026-08-26,ซ่อมเครื่องพ่นยา,False,2728
5598,94,6,2026-07-24,เปลี่ยนอะไหล่เครื่องตัดหญ้า,True,325
5599,17,16,2026-08-26,เปลี่ยนอะไหล่ปั๊มน้ำ,True,258
5600,49,14,2026-05-27,ซ่อมเครื่องพ่นยา,False,137
5601,40,7,2026-02-12,เปลี่ยนอะไหล่เครื่องตัดหญ้า,False,169
5602,83,6,2026-04-22,เปลี่ยนอะไหล่เครื่องตัดหญ้า,True,368
5603,12,19,2025-03-27,บำรุงรักษาเครื่องยนต์ทั่วไป,True,394
5604,28,18,2025-04-11,บำรุงรักษาเครื่องยนต์ทั่วไป,True,87
5605,100,16,2026-01-12,เปลี่ยนอะไหล่ปั๊มน้ำ,True,236
5606,66,7,2026-05-27,เปลี่ยนอะไหล่เครื่องตัดหญ้า,True,130
5607,19,6,2025-02-08,เปลี่ยนอะไหล่เครื่องตัดหญ้า,True,388
5608,126,8,2025-01-11,เปลี่ยนอะไหล่เครื่องตัดหญ้า,False,192
5609,93,7,2025-03-04,เปลี่ยนอะไหล่เครื่องตัดหญ้า,True,130
5610,95,16,2026-03-10,เปลี่ยนอะไหล่ปั๊มน้ำ,False,379
5611,69,17,2026-09-09,เปลี่ยนอะไหล่ปั๊มน้ำ,False,286
5612,78,8,2026-02-15,เปลี่ยนอะไหล่เครื่องตัดหญ้า,True,147
5613,25,18,2025-03-02,บำรุงรักษาเครื่องยนต์ทั่วไป,False,142
5614,49,14,2025-03-20,ซ่อมเครื่องพ่นยา,False,127
5615,64,10,2025-05-31,เปลี่ยนอะไหล่เครื่องตัดหญ้า,False,899
5616,107,20,2026-03-19,บำรุงรักษาเครื่องยนต์ทั่วไป,True,60
5617,92,4,2026-08-03,เปลี่ยนอะไหล่ปั๊มน้ำ,False,298
5618,27,3,2026-06-08,เปลี่ยนอะไหล่ปั๊มน้ำ,True,78
5619,130,19,2025-05-10,บำรุงรักษาเครื่องยนต์ทั่วไป,False,479
5620,114,17,2025-09-20,เปลี่ยนอะไหล่ปั๊มน้ำ,False,265
5621,84,6,2025-10-01,เปลี่ยนอะไหล่เครื่องตัดหญ้า,False,479
5622,83,20,2025-10-16,บำรุงรักษาเครื่องยนต์ทั่วไป,True,69
5623,97,5,2026-04-18,เปลี่ยนอะไหล่ปั๊มน้ำ,True,55
5624,93,7,2026-08-18,เปลี่ยนอะไหล่เครื่องตัดหญ้า,True,134
5625,9,14,2025-12-18,ซ่อมเครื่องพ่นยา,True,97
5626,78,19,2025-08-09,บำรุงรักษาเครื่องยนต์ทั่วไป,True,379
5627,81,20,2025-01-06,บำรุงรักษาเครื่องยนต์ทั่วไป,True,61
5628,71,19,2025-01-17,บำรุงรักษาเครื่องยนต์ทั่วไป,False,532
5629,40,7,2026-03-07,เปลี่ยนอะไหล่เครื่องตัดหญ้า,True,128
5630,36,13,2025-03-15,ซ่อมเครื่องพ่นยา,True,362
5631,60,15,2025-07-25,บำรุงรักษาเครื่องยนต์ทั่วไป,True,154
5632,103,3,2025-07-19,เปลี่ยนอะไหล่ปั๊มน้ำ,False,83
5633,20,10,2026-03-19,เปลี่ยนอะไหล่เครื่องตัดหญ้า,False,999
5634,125,2,2026-07-17,เปลี่ยนอะไหล่ปั๊มน้ำ,True,459
5635,25,15,2026-06-20,บำรุงรักษาเครื่องยนต์ทั่วไป,False,206
5636,10,4,2026-04-08,เปลี่ยนอะไหล่ปั๊มน้ำ,False,349
5637,98,9,2026-07-22,เปลี่ยนอะไหล่เครื่องตัดหญ้า,False,399
5638,86,2,2025-03-02,เปลี่ยนอะไหล่ปั๊มน้ำ,False,647
5639,31,15,2025-09-28,บำรุงรักษาเครื่องยนต์ทั่วไป,False,185
5640,3,4,2026-08-22,เปลี่ยนอะไหล่ปั๊มน้ำ,False,309
5641,79,18,2026-05-08,บำรุงรักษาเครื่องยนต์ทั่วไป,False,121
5642,39,6,2026-02-12,เปลี่ยนอะไหล่เครื่องตัดหญ้า,True,381
5643,13,16,2025-09-11,เปลี่ยนอะไหล่ปั๊มน้ำ,True,251
5644,115,2,2026-06-08,เปลี่ยนอะไหล่ปั๊มน้ำ,False,559
5645,57,1,2026-08-08,เปลี่ยนอะไหล่ปั๊มน้ำ,True,209
5646,34,19,2025-12-02,บำรุงรักษาเครื่องยนต์ทั่วไป,True,366
5647,13,20,2025-09-19,บำรุงรักษาเครื่องยนต์ทั่วไป,True,68
5648,129,12,2026-03-02,ซ่อมเครื่องพ่นยา,True,888
5649,34,11,2025-12-04,ซ่อมเครื่องพ่นยา,False,2830
5650,51,4,2026-08-15,เปลี่ยนอะไหล่ปั๊มน้ำ,False,300
5651,135,15,2026-01-14,บำรุงรักษาเครื่องยนต์ทั่วไป,True,153
5652,111,19,2025-07-11,บำรุงรักษาเครื่องยนต์ทั่วไป,True,352
5653,23,9,2025-09-09,เปลี่ยนอะไหล่เครื่องตัดหญ้า,False,386
5654,109,10,2025-03-29,เปลี่ยนอะไหล่เครื่องตัดหญ้า,False,936
5655,83,9,2025-10-11,เปลี่ยนอะไหล่เครื่องตัดหญ้า,False,351
5656,79,7,2025-09-25,เปลี่ยนอะไหล่เครื่องตัดหญ้า,True,108
5657,114,6,2025-05-12,เปลี่ยนอะไหล่เครื่องตัดหญ้า,False,488
5658,60,19,2026-04-30,บำรุงรักษาเครื่องยนต์ทั่วไป,True,328
5659,22,15,2025-06-05,บำรุงรักษาเครื่องยนต์ทั่วไป,False,170
5660,63,10,2025-03-29,เปลี่ยนอะไหล่เครื่องตัดหญ้า,False,953
5661,74,11,2026-04-28,ซ่อมเครื่องพ่นยา,False,2945
5662,79,19,2025-01-11,บำรุงรักษาเครื่องยนต์ทั่วไป,True,410
5663,55,16,2025-12-16,เปลี่ยนอะไหล่ปั๊มน้ำ,True,259
5664,124,16,2025-06-08,เปลี่ยนอะไหล่ปั๊มน้ำ,True,292
5665,5,3,2026-04-29,เปลี่ยนอะไหล่ปั๊มน้ำ,False,84
5666,12,7,2025-10-20,เปลี่ยนอะไหล่เครื่องตัดหญ้า,True,131
5667,70,12,2025-07-18,ซ่อมเครื่องพ่นยา,True,945
5668,18,20,2025-02-11,บำรุงรักษาเครื่องยนต์ทั่วไป,True,75
5669,93,11,2025-10-29,ซ่อมเครื่องพ่นยา,False,2745
5670,99,14,2025-03-25,ซ่อมเครื่องพ่นยา,True,111
5671,26,15,2025-06-29,บำรุงรักษาเครื่องยนต์ทั่วไป,False,189
5672,23,18,2025-09-03,บำรุงรักษาเครื่องยนต์ทั่วไป,True,103
5673,6,20,2025-05-25,บำรุงรักษาเครื่องยนต์ทั่วไป,True,76
5674,86,6,2025-01-31,เปลี่ยนอะไหล่เครื่องตัดหญ้า,True,380
5675,89,2,2026-01-16,เปลี่ยนอะไหล่ปั๊มน้ำ,True,416
5676,61,6,2026-06-16,เปลี่ยนอะไหล่เครื่องตัดหญ้า,True,391
5677,66,20,2026-01-25,บำรุงรักษาเครื่องยนต์ทั่วไป,True,58
5678,8,15,2025-10-28,บำรุงรักษาเครื่องยนต์ทั่วไป,False,206
5679,88,1,2026-03-08,เปลี่ยนอะไหล่ปั๊มน้ำ,False,241
5680,98,20,2025-11-02,บำรุงรักษาเครื่องยนต์ทั่วไป,False,74
5681,59,17,2026-02-09,เปลี่ยนอะไหล่ปั๊มน้ำ,False,270
5682,40,4,2025-11-21,เปลี่ยนอะไหล่ปั๊มน้ำ,False,311
5683,85,11,2025-11-28,ซ่อมเครื่องพ่นยา,False,2977
5684,36,17,2025-12-15,เปลี่ยนอะไหล่ปั๊มน้ำ,True,192
5685,36,18,2026-03-28,บำรุงรักษาเครื่องยนต์ทั่วไป,True,108
5686,35,3,2025-08-29,เปลี่ยนอะไหล่ปั๊มน้ำ,False,105
5687,38,17,2025-12-01,เปลี่ยนอะไหล่ปั๊มน้ำ,False,298
5688,82,16,2026-05-25,เปลี่ยนอะไหล่ปั๊มน้ำ,False,381
5689,31,4,2025-02-22,เปลี่ยนอะไหล่ปั๊มน้ำ,False,341
5690,8,13,2025-05-24,ซ่อมเครื่องพ่นยา,True,418
5691,106,15,2026-08-18,บำรุงรักษาเครื่องยนต์ทั่วไป,True,171
5692,71,11,2025-08-24,ซ่อมเครื่องพ่นยา,False,2582
5693,48,19,2025-04-29,บำรุงรักษาเครื่องยนต์ทั่วไป,False,419
5694,69,8,2025-01-21,เปลี่ยนอะไหล่เครื่องตัดหญ้า,False,216
5695,60,13,2026-04-16,ซ่อมเครื่องพ่นยา,True,348
5696,123,2,2025-06-29,เปลี่ยนอะไหล่ปั๊มน้ำ,False,554
5697,96,18,2025-04-15,บำรุงรักษาเครื่องยนต์ทั่วไป,True,103
5698,36,3,2025-05-23,เปลี่ยนอะไหล่ปั๊มน้ำ,False,94
5699,4,8,2025-05-08,เปลี่ยนอะไหล่เครื่องตัดหญ้า,True,144
5700,52,16,2025-07-29,เปลี่ยนอะไหล่ปั๊มน้ำ,False,314
5701,46,9,2026-08-12,เปลี่ยนอะไหล่เครื่องตัดหญ้า,False,336
5702,84,16,2025-12-08,เปลี่ยนอะไหล่ปั๊มน้ำ,False,340
5703,11,14,2025-12-22,ซ่อมเครื่องพ่นยา,False,123
5704,81,1,2026-04-18,เปลี่ยนอะไหล่ปั๊มน้ำ,False,253
5705,135,6,2025-11-03,เปลี่ยนอะไหล่เครื่องตัดหญ้า,True,404
5706,134,16,2026-05-14,เปลี่ยนอะไหล่ปั๊มน้ำ,False,369
5707,11,9,2025-03-26,เปลี่ยนอะไหล่เครื่องตัดหญ้า,False,362
5708,11,13,2025-07-10,ซ่อมเครื่องพ่นยา,True,366
5709,13,19,2026-03-10,บำรุงรักษาเครื่องยนต์ทั่วไป,True,406
5710,78,2,2025-05-28,เปลี่ยนอะไหล่ปั๊มน้ำ,True,448
5711,109,17,2026-08-24,เปลี่ยนอะไหล่ปั๊มน้ำ,False,259
5712,133,14,2025-08-17,ซ่อมเครื่องพ่นยา,True,87
5713,24,14,2025-04-21,ซ่อมเครื่องพ่นยา,True,104
5714,35,19,2026-07-16,บำรุงรักษาเครื่องยนต์ทั่วไป,True,343
5715,116,4,2025-11-02,เปลี่ยนอะไหล่ปั๊มน้ำ,False,327
5716,52,17,2025-01-20,เปลี่ยนอะไหล่ปั๊มน้ำ,True,215
5717,42,6,2025-12-20,เปลี่ยนอะไหล่เครื่องตัดหญ้า,True,358
5718,116,13,2026-07-12,ซ่อมเครื่องพ่นยา,False,417
5719,99,13,2026-05-08,ซ่อมเครื่องพ่นยา,True,380
5720,131,11,2026-07-19,ซ่อมเครื่องพ่นยา,False,2843
5721,98,14,2026-04-21,ซ่อมเครื่องพ่นยา,False,121
5722,39,16,2025-02-04,เปลี่ยนอะไหล่ปั๊มน้ำ,False,381
5723,14,7,2025-05-06,เปลี่ยนอะไหล่เครื่องตัดหญ้า,False,143
5724,115,7,2025-11-22,เปลี่ยนอะไหล่เครื่องตัดหญ้า,True,133
5725,34,12,2025-08-13,ซ่อมเครื่องพ่นยา,True,897
5726,4,14,2025-06-07,ซ่อมเครื่องพ่นยา,True,108
5727,2,12,2025-12-23,ซ่อมเครื่องพ่นยา,True,1007
5728,122,16,2026-04-18,เปลี่ยนอะไหล่ปั๊มน้ำ,False,315
5729,2,2,2025-12-19,เปลี่ยนอะไหล่ปั๊มน้ำ,True,406
5730,54,3,2025-07-10,เปลี่ยนอะไหล่ปั๊มน้ำ,False,88
5731,90,3,2025-02-07,เปลี่ยนอะไหล่ปั๊มน้ำ,True,65
5732,77,14,2025-01-29,ซ่อมเครื่องพ่นยา,True,87
5733,107,1,2025-09-15,เปลี่ยนอะไหล่ปั๊มน้ำ,False,228
5734,46,20,2025-05-19,บำรุงรักษาเครื่องยนต์ทั่วไป,True,62
5735,10,14,2025-12-20,ซ่อมเครื่องพ่นยา,False,120
5736,83,11,2025-03-14,ซ่อมเครื่องพ่นยา,False,2826
5737,110,8,2025-10-14,เปลี่ยนอะไหล่เครื่องตัดหญ้า,False,229
5738,32,12,2026-03-04,ซ่อมเครื่องพ่นยา,True,999
5739,106,1,2026-06-24,เปลี่ยนอะไหล่ปั๊มน้ำ,False,249
5740,15,17,2026-02-12,เปลี่ยนอะไหล่ปั๊มน้ำ,True,192
5741,23,20,2025-03-26,บำรุงรักษาเครื่องยนต์ทั่วไป,True,76
5742,74,20,2026-01-11,บำรุงรักษาเครื่องยนต์ทั่วไป,False,86
5743,135,16,2025-11-28,เปลี่ยนอะไหล่ปั๊มน้ำ,True,258
5744,91,10,2026-03-23,เปลี่ยนอะไหล่เครื่องตัดหญ้า,False,1018
5745,128,8,2025-04-11,เปลี่ยนอะไหล่เครื่องตัดหญ้า,True,167
5746,60,7,2026-01-18,เปลี่ยนอะไหล่เครื่องตัดหญ้า,False,174
5747,31,16,2026-07-05,เปลี่ยนอะไหล่ปั๊มน้ำ,True,248
5748,54,19,2025-01-19,บำรุงรักษาเครื่องยนต์ทั่วไป,True,409
5749,12,13,2026-09-14,ซ่อมเครื่องพ่นยา,True,368
5750,55,4,2025-09-17,เปลี่ยนอะไหล่ปั๊มน้ำ,False,321
5751,66,12,2025-01-09,ซ่อมเครื่องพ่นยา,True,1062
5752,83,8,2026-09-06,เปลี่ยนอะไหล่เครื่องตัดหญ้า,True,158
5753,88,17,2026-08-19,เปลี่ยนอะไหล่ปั๊มน้ำ,True,220
5754,8,1,2025-11-04,เปลี่ยนอะไหล่ปั๊มน้ำ,False,271
5755,87,10,2025-05-17,เปลี่ยนอะไหล่เครื่องตัดหญ้า,False,814
5756,10,16,2026-06-07,เปลี่ยนอะไหล่ปั๊มน้ำ,True,270
5757,118,1,2026-05-17,เปลี่ยนอะไหล่ปั๊มน้ำ,True,188
5758,119,10,2026-02-22,เปลี่ยนอะไหล่เครื่องตัดหญ้า,False,993
5759,15,5,2026-09-01,เปลี่ยนอะไหล่ปั๊มน้ำ,False,76
5760,81,5,2026-02-09,เปลี่ยนอะไหล่ปั๊มน้ำ,True,57
5761,54,11,2026-03-08,ซ่อมเครื่องพ่นยา,False,2651
5762,91,17,2026-03-25,เปลี่ยนอะไหล่ปั๊มน้ำ,False,284
5763,8,15,2025-02-21,บำรุงรักษาเครื่องยนต์ทั่วไป,False,177
5764,43,11,2025-09-21,ซ่อมเครื่องพ่นยา,False,2987
5765,48,4,2026-03-20,เปลี่ยนอะไหล่ปั๊มน้ำ,False,346
5766,79,19,2026-04-08,บำรุงรักษาเครื่องยนต์ทั่วไป,True,408
5767,70,17,2026-07-02,เปลี่ยนอะไหล่ปั๊มน้ำ,False,278
5768,96,6,2025-11-18,เปลี่ยนอะไหล่เครื่องตัดหญ้า,True,418
5769,135,12,2025-12-18,ซ่อมเครื่องพ่นยา,False,1188
5770,10,20,2025-08-23,บำรุงรักษาเครื่องยนต์ทั่วไป,True,64
5771,130,5,2026-08-28,เปลี่ยนอะไหล่ปั๊มน้ำ,True,48
5772,40,20,2025-01-20,บำรุงรักษาเครื่องยนต์ทั่วไป,False,93
5773,135,8,2025-05-28,เปลี่ยนอะไหล่เครื่องตัดหญ้า,True,167
5774,26,7,2025-08-30,เปลี่ยนอะไหล่เครื่องตัดหญ้า,False,141
5775,34,11,2026-02-05,ซ่อมเครื่องพ่นยา,False,2757
5776,118,4,2025-06-09,เปลี่ยนอะไหล่ปั๊มน้ำ,False,357
5777,134,4,2025-10-29,เปลี่ยนอะไหล่ปั๊มน้ำ,False,356
5778,23,3,2025-03-31,เปลี่ยนอะไหล่ปั๊มน้ำ,True,84
5779,134,12,2025-09-16,ซ่อมเครื่องพ่นยา,True,876
5780,80,17,2026-08-19,เปลี่ยนอะไหล่ปั๊มน้ำ,False,248
5781,50,17,2026-05-12,เปลี่ยนอะไหล่ปั๊มน้ำ,False,249
5782,82,4,2025-08-11,เปลี่ยนอะไหล่ปั๊มน้ำ,False,314
5783,31,10,2026-08-24,เปลี่ยนอะไหล่เครื่องตัดหญ้า,False,877
5784,4,3,2025-07-31,เปลี่ยนอะไหล่ปั๊มน้ำ,True,70
5785,90,1,2026-04-29,เปลี่ยนอะไหล่ปั๊มน้ำ,True,185
5786,73,17,2026-03-03,เปลี่ยนอะไหล่ปั๊มน้ำ,True,188
5787,87,5,2026-03-22,เปลี่ยนอะไหล่ปั๊มน้ำ,True,47
5788,121,8,2026-02-24,เปลี่ยนอะไหล่เครื่องตัดหญ้า,True,149
5789,23,12,2026-06-09,ซ่อมเครื่องพ่นยา,True,974
5790,115,12,2025-11-28,ซ่อมเครื่องพ่นยา,True,1066
5791,51,20,2026-04-24,บำรุงรักษาเครื่องยนต์ทั่วไป,True,63
5792,21,3,2026-07-08,เปลี่ยนอะไหล่ปั๊มน้ำ,False,102
5793,24,1,2026-08-11,เปลี่ยนอะไหล่ปั๊มน้ำ,False,267
5794,25,14,2026-09-24,ซ่อมเครื่องพ่นยา,False,133
5795,120,8,2025-12-20,เปลี่ยนอะไหล่เครื่องตัดหญ้า,True,174
5796,67,13,2026-01-01,ซ่อมเครื่องพ่นยา,True,348
5797,85,1,2025-10-10,เปลี่ยนอะไหล่ปั๊มน้ำ,True,221
5798,125,15,2026-09-05,บำรุงรักษาเครื่องยนต์ทั่วไป,False,179
5799,123,14,2025-01-24,ซ่อมเครื่องพ่นยา,True,89
5800,90,18,2025-12-25,บำรุงรักษาเครื่องยนต์ทั่วไป,False,118
5801,104,20,2026-04-15,บำรุงรักษาเครื่องยนต์ทั่วไป,True,67
5802,19,8,2026-09-28,เปลี่ยนอะไหล่เครื่องตัดหญ้า,False,186
5803,106,17,2026-09-08,เปลี่ยนอะไหล่ปั๊มน้ำ,True,207
5804,41,4,2025-07-05,เปลี่ยนอะไหล่ปั๊มน้ำ,False,347
5805,111,2,2026-01-10,เปลี่ยนอะไหล่ปั๊มน้ำ,True,440
5806,88,12,2026-09-02,ซ่อมเครื่องพ่นยา,False,1284
5807,20,15,2026-02-27,บำรุงรักษาเครื่องยนต์ทั่วไป,False,171
5808,125,12,2026-07-29,ซ่อมเครื่องพ่นยา,False,1286
5809,25,5,2025-03-30,เปลี่ยนอะไหล่ปั๊มน้ำ,True,53
5810,18,15,2025-12-12,บำรุงรักษาเครื่องยนต์ทั่วไป,True,170
5811,98,12,2026-04-10,ซ่อมเครื่องพ่นยา,True,1098
5812,24,18,2025-09-12,บำรุงรักษาเครื่องยนต์ทั่วไป,True,104
5813,1,7,2025-06-19,เปลี่ยนอะไหล่เครื่องตัดหญ้า,False,174
5814,75,3,2026-08-12,เปลี่ยนอะไหล่ปั๊มน้ำ,True,68
5815,53,14,2025-10-30,ซ่อมเครื่องพ่นยา,True,99
5816,78,7,2026-06-14,เปลี่ยนอะไหล่เครื่องตัดหญ้า,False,148
5817,23,16,2025-12-04,เปลี่ยนอะไหล่ปั๊มน้ำ,False,381
5818,104,13,2026-03-29,ซ่อมเครื่องพ่นยา,True,430
5819,14,19,2025-04-10,บำรุงรักษาเครื่องยนต์ทั่วไป,False,413
5820,92,6,2025-01-01,เปลี่ยนอะไหล่เครื่องตัดหญ้า,False,515
5821,61,1,2025-03-27,เปลี่ยนอะไหล่ปั๊มน้ำ,False,289
5822,82,7,2025-12-02,เปลี่ยนอะไหล่เครื่องตัดหญ้า,False,152
5823,55,2,2026-07-07,เปลี่ยนอะไหล่ปั๊มน้ำ,True,445
5824,99,1,2026-05-30,เปลี่ยนอะไหล่ปั๊มน้ำ,True,188
5825,33,20,2025-10-07,บำรุงรักษาเครื่องยนต์ทั่วไป,False,75
5826,37,15,2025-04-15,บำรุงรักษาเครื่องยนต์ทั่วไป,True,157
5827,35,7,2026-07-15,เปลี่ยนอะไหล่เครื่องตัดหญ้า,False,164
5828,117,8,2025-03-07,เปลี่ยนอะไหล่เครื่องตัดหญ้า,True,182
5829,47,15,2026-09-05,บำรุงรักษาเครื่องยนต์ทั่วไป,False,212
5830,116,16,2025-12-19,เปลี่ยนอะไหล่ปั๊มน้ำ,True,276
5831,2,14,2025-10-26,ซ่อมเครื่องพ่นยา,True,91
5832,129,14,2026-03-25,ซ่อมเครื่องพ่นยา,True,107
5833,94,8,2025-07-29,เปลี่ยนอะไหล่เครื่องตัดหญ้า,True,169
5834,95,15,2025-01-26,บำรุงรักษาเครื่องยนต์ทั่วไป,False,192
5835,21,14,2025-03-29,ซ่อมเครื่องพ่นยา,True,113
5836,72,7,2025-04-21,เปลี่ยนอะไหล่เครื่องตัดหญ้า,False,158
5837,23,17,2025-12-28,เปลี่ยนอะไหล่ปั๊มน้ำ,True,211
5838,20,20,2025-07-10,บำรุงรักษาเครื่องยนต์ทั่วไป,True,71
5839,80,7,2026-06-16,เปลี่ยนอะไหล่เครื่องตัดหญ้า,True,136
5840,3,15,2026-04-22,บำรุงรักษาเครื่องยนต์ทั่วไป,True,144
5841,85,19,2025-12-31,บำรุงรักษาเครื่องยนต์ทั่วไป,True,421
5842,76,10,2025-11-24,เปลี่ยนอะไหล่เครื่องตัดหญ้า,False,854
5843,78,17,2025-08-13,เปลี่ยนอะไหล่ปั๊มน้ำ,True,221
5844,67,9,2026-07-19,เปลี่ยนอะไหล่เครื่องตัดหญ้า,False,397
5845,14,12,2025-02-17,ซ่อมเครื่องพ่นยา,True,1030
5846,7,3,2026-05-25,เปลี่ยนอะไหล่ปั๊มน้ำ,False,102
5847,20,7,2025-08-11,เปลี่ยนอะไหล่เครื่องตัดหญ้า,True,112
5848,72,20,2026-09-01,บำรุงรักษาเครื่องยนต์ทั่วไป,True,60
5849,4,4,2025-08-02,เปลี่ยนอะไหล่ปั๊มน้ำ,False,370
5850,39,3,2026-07-30,เปลี่ยนอะไหล่ปั๊มน้ำ,True,68
5851,67,1,2026-05-27,เปลี่ยนอะไหล่ปั๊มน้ำ,True,228
5852,9,12,2026-08-31,ซ่อมเครื่องพ่นยา,False,1254
5853,40,15,2025-09-24,บำรุงรักษาเครื่องยนต์ทั่วไป,False,214
5854,99,15,2026-01-21,บำรุงรักษาเครื่องยนต์ทั่วไป,False,184
5855,43,4,2025-07-04,เปลี่ยนอะไหล่ปั๊มน้ำ,False,351
5856,89,11,2025-06-13,ซ่อมเครื่องพ่นยา,False,2683
5857,30,17,2025-02-12,เปลี่ยนอะไหล่ปั๊มน้ำ,True,224
5858,103,9,2025-02-10,เปลี่ยนอะไหล่เครื่องตัดหญ้า,False,332
5859,60,9,2026-01-05,เปลี่ยนอะไหล่เครื่องตัดหญ้า,False,346
5860,100,9,2025-10-22,เปลี่ยนอะไหล่เครื่องตัดหญ้า,False,386
5861,112,20,2026-01-04,บำรุงรักษาเครื่องยนต์ทั่วไป,True,67
5862,98,20,2025-01-10,บำรุงรักษาเครื่องยนต์ทั่วไป,True,72
5863,11,15,2026-06-12,บำรุงรักษาเครื่องยนต์ทั่วไป,True,152
5864,111,3,2025-03-17,เปลี่ยนอะไหล่ปั๊มน้ำ,False,98
5865,70,4,2026-04-20,เปลี่ยนอะไหล่ปั๊มน้ำ,False,376
5866,66,12,2025-09-18,ซ่อมเครื่องพ่นยา,True,1094
5867,62,14,2026-05-24,ซ่อมเครื่องพ่นยา,True,99
5868,134,14,2026-07-25,ซ่อมเครื่องพ่นยา,False,135
5869,81,7,2025-09-20,เปลี่ยนอะไหล่เครื่องตัดหญ้า,False,179
5870,18,17,2026-03-02,เปลี่ยนอะไหล่ปั๊มน้ำ,True,180
5871,115,15,2025-01-10,บำรุงรักษาเครื่องยนต์ทั่วไป,True,152
5872,50,5,2025-10-01,เปลี่ยนอะไหล่ปั๊มน้ำ,True,51
5873,56,13,2025-01-27,ซ่อมเครื่องพ่นยา,True,333
5874,31,7,2026-04-11,เปลี่ยนอะไหล่เครื่องตัดหญ้า,True,132
5875,34,4,2025-03-09,เปลี่ยนอะไหล่ปั๊มน้ำ,False,370
5876,48,10,2025-10-20,เปลี่ยนอะไหล่เครื่องตัดหญ้า,False,932
5877,120,17,2025-03-28,เปลี่ยนอะไหล่ปั๊มน้ำ,False,244
5878,117,4,2026-05-29,เปลี่ยนอะไหล่ปั๊มน้ำ,False,377
5879,83,18,2025-08-03,บำรุงรักษาเครื่องยนต์ทั่วไป,False,132
5880,16,3,2025-07-19,เปลี่ยนอะไหล่ปั๊มน้ำ,True,65
5881,16,9,2025-10-25,เปลี่ยนอะไหล่เครื่องตัดหญ้า,False,355
5882,113,5,2025-07-20,เปลี่ยนอะไหล่ปั๊มน้ำ,False,63
5883,101,7,2025-02-23,เปลี่ยนอะไหล่เครื่องตัดหญ้า,True,140
5884,111,2,2025-05-19,เปลี่ยนอะไหล่ปั๊มน้ำ,True,409
5885,114,5,2025-06-19,เปลี่ยนอะไหล่ปั๊มน้ำ,True,48
5886,19,3,2026-07-10,เปลี่ยนอะไหล่ปั๊มน้ำ,True,64
5887,5,15,2026-03-20,บำรุงรักษาเครื่องยนต์ทั่วไป,False,203
5888,10,15,2026-01-22,บำรุงรักษาเครื่องยนต์ทั่วไป,True,156
5889,39,11,2026-06-01,ซ่อมเครื่องพ่นยา,False,2542
5890,1,19,2026-06-28,บำรุงรักษาเครื่องยนต์ทั่วไป,True,365
5891,123,2,2026-02-05,เปลี่ยนอะไหล่ปั๊มน้ำ,False,622
5892,18,17,2025-12-05,เปลี่ยนอะไหล่ปั๊มน้ำ,True,223
5893,124,18,2026-02-24,บำรุงรักษาเครื่องยนต์ทั่วไป,True,96
5894,92,1,2025-04-05,เปลี่ยนอะไหล่ปั๊มน้ำ,True,236
5895,103,4,2025-09-16,เปลี่ยนอะไหล่ปั๊มน้ำ,False,353
5896,24,1,2025-02-12,เปลี่ยนอะไหล่ปั๊มน้ำ,True,236
5897,88,10,2025-10-11,เปลี่ยนอะไหล่เครื่องตัดหญ้า,False,901
5898,75,6,2025-03-04,เปลี่ยนอะไหล่เครื่องตัดหญ้า,False,507
5899,99,13,2026-05-19,ซ่อมเครื่องพ่นยา,True,383
5900,28,6,2026-05-29,เปลี่ยนอะไหล่เครื่องตัดหญ้า,True,398
5901,125,4,2026-05-05,เปลี่ยนอะไหล่ปั๊มน้ำ,False,354
5902,49,6,2025-03-07,เปลี่ยนอะไหล่เครื่องตัดหญ้า,False,464
5903,62,15,2025-04-19,บำรุงรักษาเครื่องยนต์ทั่วไป,True,130
5904,79,10,2026-01-15,เปลี่ยนอะไหล่เครื่องตัดหญ้า,False,864
5905,116,7,2026-01-24,เปลี่ยนอะไหล่เครื่องตัดหญ้า,True,137
5906,11,1,2025-01-13,เปลี่ยนอะไหล่ปั๊มน้ำ,True,183
5907,134,13,2025-11-11,ซ่อมเครื่องพ่นยา,True,410
5908,39,13,2025-12-23,ซ่อมเครื่องพ่นยา,False,522
5909,19,4,2026-07-30,เปลี่ยนอะไหล่ปั๊มน้ำ,False,343
5910,5,17,2025-01-29,เปลี่ยนอะไหล่ปั๊มน้ำ,False,261
5911,63,8,2026-01-02,เปลี่ยนอะไหล่เครื่องตัดหญ้า,False,217
5912,13,13,2026-06-29,ซ่อมเครื่องพ่นยา,True,324
5913,44,13,2025-08-27,ซ่อมเครื่องพ่นยา,False,418
5914,28,4,2026-04-05,เปลี่ยนอะไหล่ปั๊มน้ำ,False,294
5915,57,15,2025-03-30,บำรุงรักษาเครื่องยนต์ทั่วไป,True,164
5916,103,15,2025-02-19,บำรุงรักษาเครื่องยนต์ทั่วไป,False,185
5917,36,18,2025-09-09,บำรุงรักษาเครื่องยนต์ทั่วไป,True,105
5918,55,10,2025-09-07,เปลี่ยนอะไหล่เครื่องตัดหญ้า,False,978
5919,45,4,2026-08-17,เปลี่ยนอะไหล่ปั๊มน้ำ,False,292
5920,107,12,2025-09-18,ซ่อมเครื่องพ่นยา,True,942
5921,113,13,2025-05-11,ซ่อมเครื่องพ่นยา,False,479
5922,26,15,2025-07-09,บำรุงรักษาเครื่องยนต์ทั่วไป,False,164
5923,97,11,2026-09-07,ซ่อมเครื่องพ่นยา,False,2885
5924,21,6,2026-08-28,เปลี่ยนอะไหล่เครื่องตัดหญ้า,True,418
5925,73,15,2025-01-05,บำรุงรักษาเครื่องยนต์ทั่วไป,True,169
5926,122,14,2025-11-20,ซ่อมเครื่องพ่นยา,False,136
5927,70,18,2026-06-22,บำรุงรักษาเครื่องยนต์ทั่วไป,True,90
5928,62,10,2026-02-11,เปลี่ยนอะไหล่เครื่องตัดหญ้า,False,879
5929,47,13,2025-05-16,ซ่อมเครื่องพ่นยา,True,328
5930,78,16,2026-07-12,เปลี่ยนอะไหล่ปั๊มน้ำ,True,308
5931,50,15,2025-09-28,บำรุงรักษาเครื่องยนต์ทั่วไป,True,153
5932,93,1,2025-04-02,เปลี่ยนอะไหล่ปั๊มน้ำ,False,298
5933,119,8,2026-08-15,เปลี่ยนอะไหล่เครื่องตัดหญ้า,False,210
5934,14,13,2026-08-22,ซ่อมเครื่องพ่นยา,True,346
5935,122,13,2025-05-31,ซ่อมเครื่องพ่นยา,True,340
5936,12,15,2026-01-22,บำรุงรักษาเครื่องยนต์ทั่วไป,True,158
5937,73,10,2025-02-11,เปลี่ยนอะไหล่เครื่องตัดหญ้า,False,929
5938,117,3,2025-06-12,เปลี่ยนอะไหล่ปั๊มน้ำ,True,72
5939,46,20,2025-02-03,บำรุงรักษาเครื่องยนต์ทั่วไป,True,58
5940,30,6,2025-05-03,เปลี่ยนอะไหล่เครื่องตัดหญ้า,False,470
5941,84,6,2025-02-25,เปลี่ยนอะไหล่เครื่องตัดหญ้า,False,502
5942,84,19,2025-11-22,บำรุงรักษาเครื่องยนต์ทั่วไป,True,396
5943,26,14,2025-06-28,ซ่อมเครื่องพ่นยา,False,119
5944,97,19,2025-07-04,บำรุงรักษาเครื่องยนต์ทั่วไป,False,522
5945,14,13,2025-06-21,ซ่อมเครื่องพ่นยา,True,386
5946,117,1,2025-12-05,เปลี่ยนอะไหล่ปั๊มน้ำ,True,235
5947,50,20,2025-05-19,บำรุงรักษาเครื่องยนต์ทั่วไป,True,60
5948,86,8,2026-05-06,เปลี่ยนอะไหล่เครื่องตัดหญ้า,True,156
5949,72,17,2025-04-09,เปลี่ยนอะไหล่ปั๊มน้ำ,True,213
5950,120,10,2025-04-17,เปลี่ยนอะไหล่เครื่องตัดหญ้า,False,793
5951,57,18,2025-12-23,บำรุงรักษาเครื่องยนต์ทั่วไป,True,108
5952,44,15,2025-08-18,บำรุงรักษาเครื่องยนต์ทั่วไป,True,163
5953,23,6,2026-03-26,เปลี่ยนอะไหล่เครื่องตัดหญ้า,False,520
5954,56,5,2025-11-16,เปลี่ยนอะไหล่ปั๊มน้ำ,False,68
5955,4,2,2026-04-05,เปลี่ยนอะไหล่ปั๊มน้ำ,True,456
5956,64,12,2026-07-22,ซ่อมเครื่องพ่นยา,True,1115
5957,39,15,2025-09-12,บำรุงรักษาเครื่องยนต์ทั่วไป,True,139
5958,12,20,2026-03-22,บำรุงรักษาเครื่องยนต์ทั่วไป,False,82
5959,130,17,2025-02-01,เปลี่ยนอะไหล่ปั๊มน้ำ,False,280
5960,26,15,2025-01-27,บำรุงรักษาเครื่องยนต์ทั่วไป,True,146
5961,4,12,2025-12-18,ซ่อมเครื่องพ่นยา,True,887
5962,34,19,2026-06-23,บำรุงรักษาเครื่องยนต์ทั่วไป,False,533
5963,24,4,2025-10-06,เปลี่ยนอะไหล่ปั๊มน้ำ,False,316
5964,118,8,2025-01-13,เปลี่ยนอะไหล่เครื่องตัดหญ้า,True,158
5965,7,11,2026-03-20,ซ่อมเครื่องพ่นยา,False,2810
5966,104,2,2025-12-20,เปลี่ยนอะไหล่ปั๊มน้ำ,True,413
5967,119,17,2025-05-24,เปลี่ยนอะไหล่ปั๊มน้ำ,False,252
5968,19,4,2026-07-01,เปลี่ยนอะไหล่ปั๊มน้ำ,False,348
5969,9,19,2025-10-26,บำรุงรักษาเครื่องยนต์ทั่วไป,False,449
5970,54,12,2025-08-19,ซ่อมเครื่องพ่นยา,True,941
5971,86,18,2026-09-04,บำรุงรักษาเครื่องยนต์ทั่วไป,False,130
5972,94,5,2026-07-26,เปลี่ยนอะไหล่ปั๊มน้ำ,False,68
5973,11,15,2025-02-10,บำรุงรักษาเครื่องยนต์ทั่วไป,True,144
5974,18,4,2025-10-11,เปลี่ยนอะไหล่ปั๊มน้ำ,False,323
5975,86,14,2026-03-12,ซ่อมเครื่องพ่นยา,False,115
5976,54,5,2025-07-05,เปลี่ยนอะไหล่ปั๊มน้ำ,True,56
5977,91,13,2026-08-09,ซ่อมเครื่องพ่นยา,False,435
5978,14,3,2025-07-27,เปลี่ยนอะไหล่ปั๊มน้ำ,True,73
5979,129,14,2025-02-19,ซ่อมเครื่องพ่นยา,True,99
5980,75,19,2026-02-14,บำรุงรักษาเครื่องยนต์ทั่วไป,False,468
5981,17,16,2025-12-18,เปลี่ยนอะไหล่ปั๊มน้ำ,True,296
5982,21,18,2025-05-27,บำรุงรักษาเครื่องยนต์ทั่วไป,False,124
5983,20,8,2025-10-31,เปลี่ยนอะไหล่เครื่องตัดหญ้า,False,197
5984,38,5,2025-03-26,เปลี่ยนอะไหล่ปั๊มน้ำ,True,48
5985,6,14,2026-01-21,ซ่อมเครื่องพ่นยา,True,92
5986,34,7,2025-08-16,เปลี่ยนอะไหล่เครื่องตัดหญ้า,True,132
5987,6,3,2026-01-04,เปลี่ยนอะไหล่ปั๊มน้ำ,True,73
5988,60,13,2025-08-15,ซ่อมเครื่องพ่นยา,True,325
5989,88,17,2026-02-08,เปลี่ยนอะไหล่ปั๊มน้ำ,True,204
5990,114,18,2026-05-25,บำรุงรักษาเครื่องยนต์ทั่วไป,True,95
5991,34,11,2025-12-22,ซ่อมเครื่องพ่นยา,False,2478
5992,59,15,2026-09-06,บำรุงรักษาเครื่องยนต์ทั่วไป,True,163
5993,74,11,2026-01-12,ซ่อมเครื่องพ่นยา,False,2528
5994,73,15,2026-08-21,บำรุงรักษาเครื่องยนต์ทั่วไป,False,170
5995,42,9,2025-12-21,เปลี่ยนอะไหล่เครื่องตัดหญ้า,False,415
5996,45,12,2026-07-07,ซ่อมเครื่องพ่นยา,True,916
5997,40,18,2026-07-05,บำรุงรักษาเครื่องยนต์ทั่วไป,False,131
5998,82,6,2025-05-06,เปลี่ยนอะไหล่เครื่องตัดหญ้า,True,328
5999,67,10,2026-03-23,เปลี่ยนอะไหล่เครื่องตัดหญ้า,False,797
6000,9,8,2025-10-15,เปลี่ยนอะไหล่เครื่องตัดหญ้า,True,170
6001,89,9,2026-06-01,เปลี่ยนอะไหล่เครื่องตัดหญ้า,False,348
6002,42,17,2025-04-25,เปลี่ยนอะไหล่ปั๊มน้ำ,True,212
6003,104,19,2026-02-19,บำรุงรักษาเครื่องยนต์ทั่วไป,True,423
6004,118,10,2026-01-23,เปลี่ยนอะไหล่เครื่องตัดหญ้า,False,960
6005,130,5,2025-09-06,เปลี่ยนอะไหล่ปั๊มน้ำ,True,61
6006,75,1,2025-09-15,เปลี่ยนอะไหล่ปั๊มน้ำ,True,197
6007,38,2,2026-08-09,เปลี่ยนอะไหล่ปั๊มน้ำ,False,589
6008,114,16,2026-09-14,เปลี่ยนอะไหล่ปั๊มน้ำ,True,304
6009,11,3,2025-09-21,เปลี่ยนอะไหล่ปั๊มน้ำ,False,100
6010,7,8,2025-04-19,เปลี่ยนอะไหล่เครื่องตัดหญ้า,False,187
6011,92,14,2025-11-08,ซ่อมเครื่องพ่นยา,True,92
6012,50,7,2025-03-13,เปลี่ยนอะไหล่เครื่องตัดหญ้า,True,129
6013,72,3,2026-03-30,เปลี่ยนอะไหล่ปั๊มน้ำ,True,81
6014,115,5,2025-06-02,เปลี่ยนอะไหล่ปั๊มน้ำ,True,54
6015,132,3,2026-06-10,เปลี่ยนอะไหล่ปั๊มน้ำ,False,83
6016,131,6,2025-11-03,เปลี่ยนอะไหล่เครื่องตัดหญ้า,True,357
6017,38,8,2025-02-13,เปลี่ยนอะไหล่เครื่องตัดหญ้า,False,201
6018,96,1,2026-07-11,เปลี่ยนอะไหล่ปั๊มน้ำ,False,252
6019,90,4,2025-01-10,เปลี่ยนอะไหล่ปั๊มน้ำ,False,315
6020,23,9,2025-08-28,เปลี่ยนอะไหล่เครื่องตัดหญ้า,False,417
6021,107,19,2025-06-17,บำรุงรักษาเครื่องยนต์ทั่วไป,False,464
6022,109,20,2026-09-17,บำรุงรักษาเครื่องยนต์ทั่วไป,True,60
6023,23,8,2026-07-20,เปลี่ยนอะไหล่เครื่องตัดหญ้า,False,188
6024,122,10,2025-04-22,เปลี่ยนอะไหล่เครื่องตัดหญ้า,False,817
6025,97,18,2026-02-13,บำรุงรักษาเครื่องยนต์ทั่วไป,False,110
6026,70,5,2025-03-10,เปลี่ยนอะไหล่ปั๊มน้ำ,True,56
6027,36,13,2025-11-18,ซ่อมเครื่องพ่นยา,True,373
6028,98,9,2025-06-04,เปลี่ยนอะไหล่เครื่องตัดหญ้า,False,334
6029,11,9,2025-08-13,เปลี่ยนอะไหล่เครื่องตัดหญ้า,False,373
6030,119,1,2025-08-23,เปลี่ยนอะไหล่ปั๊มน้ำ,False,247
6031,68,5,2025-06-24,เปลี่ยนอะไหล่ปั๊มน้ำ,True,46
6032,121,2,2025-08-22,เปลี่ยนอะไหล่ปั๊มน้ำ,False,632
6033,74,10,2025-04-07,เปลี่ยนอะไหล่เครื่องตัดหญ้า,False,931
6034,63,18,2025-11-21,บำรุงรักษาเครื่องยนต์ทั่วไป,True,112
6035,18,1,2025-01-23,เปลี่ยนอะไหล่ปั๊มน้ำ,True,196
6036,112,6,2026-04-11,เปลี่ยนอะไหล่เครื่องตัดหญ้า,False,483
6037,31,16,2025-07-20,เปลี่ยนอะไหล่ปั๊มน้ำ,True,270
6038,67,20,2025-10-17,บำรุงรักษาเครื่องยนต์ทั่วไป,True,68
6039,119,14,2025-05-07,ซ่อมเครื่องพ่นยา,True,90
6040,70,13,2026-06-23,ซ่อมเครื่องพ่นยา,True,341
6041,92,2,2025-10-08,เปลี่ยนอะไหล่ปั๊มน้ำ,True,516
6042,20,7,2025-02-07,เปลี่ยนอะไหล่เครื่องตัดหญ้า,True,126
6043,25,5,2026-02-04,เปลี่ยนอะไหล่ปั๊มน้ำ,True,56
6044,81,3,2026-04-11,เปลี่ยนอะไหล่ปั๊มน้ำ,False,95
6045,93,19,2026-06-17,บำรุงรักษาเครื่องยนต์ทั่วไป,False,441
6046,91,4,2025-03-16,เปลี่ยนอะไหล่ปั๊มน้ำ,False,339
6047,133,9,2025-04-22,เปลี่ยนอะไหล่เครื่องตัดหญ้า,False,316
6048,88,19,2025-08-07,บำรุงรักษาเครื่องยนต์ทั่วไป,True,376
6049,57,20,2025-05-07,บำรุงรักษาเครื่องยนต์ทั่วไป,True,60
6050,135,4,2025-05-27,เปลี่ยนอะไหล่ปั๊มน้ำ,False,364
6051,30,12,2026-02-18,ซ่อมเครื่องพ่นยา,False,1332
6052,34,1,2025-11-21,เปลี่ยนอะไหล่ปั๊มน้ำ,True,184
6053,80,10,2025-01-14,เปลี่ยนอะไหล่เครื่องตัดหญ้า,False,887
6054,134,19,2026-06-21,บำรุงรักษาเครื่องยนต์ทั่วไป,True,412
6055,78,14,2026-08-17,ซ่อมเครื่องพ่นยา,False,114
6056,33,19,2025-01-23,บำรุงรักษาเครื่องยนต์ทั่วไป,False,421
6057,59,4,2026-06-24,เปลี่ยนอะไหล่ปั๊มน้ำ,False,301
6058,21,3,2025-08-27,เปลี่ยนอะไหล่ปั๊มน้ำ,True,67
6059,20,2,2025-11-26,เปลี่ยนอะไหล่ปั๊มน้ำ,False,624
6060,11,14,2025-01-15,ซ่อมเครื่องพ่นยา,False,135
6061,132,16,2025-06-02,เปลี่ยนอะไหล่ปั๊มน้ำ,True,295
6062,65,19,2026-04-06,บำรุงรักษาเครื่องยนต์ทั่วไป,True,336
6063,25,13,2025-02-03,ซ่อมเครื่องพ่นยา,True,396
6064,52,16,2026-08-31,เปลี่ยนอะไหล่ปั๊มน้ำ,True,280
6065,38,7,2025-05-24,เปลี่ยนอะไหล่เครื่องตัดหญ้า,False,136
6066,90,4,2026-08-03,เปลี่ยนอะไหล่ปั๊มน้ำ,False,378
6067,62,3,2025-10-01,เปลี่ยนอะไหล่ปั๊มน้ำ,True,75
6068,4,16,2026-01-28,เปลี่ยนอะไหล่ปั๊มน้ำ,True,241
6069,73,6,2026-02-15,เปลี่ยนอะไหล่เครื่องตัดหญ้า,True,344
6070,2,9,2025-05-14,เปลี่ยนอะไหล่เครื่องตัดหญ้า,False,409
6071,130,18,2026-07-18,บำรุงรักษาเครื่องยนต์ทั่วไป,True,92
6072,48,16,2026-07-04,เปลี่ยนอะไหล่ปั๊มน้ำ,True,288
6073,91,13,2025-12-08,ซ่อมเครื่องพ่นยา,False,419
6074,105,7,2025-10-22,เปลี่ยนอะไหล่เครื่องตัดหญ้า,True,126
6075,120,5,2025-03-29,เปลี่ยนอะไหล่ปั๊มน้ำ,False,64
6076,127,11,2025-03-27,ซ่อมเครื่องพ่นยา,False,2639
6077,11,20,2026-08-16,บำรุงรักษาเครื่องยนต์ทั่วไป,True,62
6078,73,15,2025-03-05,บำรุงรักษาเครื่องยนต์ทั่วไป,True,134
6079,114,8,2025-12-21,เปลี่ยนอะไหล่เครื่องตัดหญ้า,True,158
6080,110,5,2025-06-25,เปลี่ยนอะไหล่ปั๊มน้ำ,True,51
6081,122,5,2025-05-27,เปลี่ยนอะไหล่ปั๊มน้ำ,False,75
6082,126,1,2026-06-12,เปลี่ยนอะไหล่ปั๊มน้ำ,True,180
6083,22,18,2026-06-07,บำรุงรักษาเครื่องยนต์ทั่วไป,True,98
6084,27,16,2025-04-03,เปลี่ยนอะไหล่ปั๊มน้ำ,True,264
6085,17,2,2026-07-30,เปลี่ยนอะไหล่ปั๊มน้ำ,False,656
6086,104,5,2025-10-10,เปลี่ยนอะไหล่ปั๊มน้ำ,False,65
6087,109,4,2025-04-06,เปลี่ยนอะไหล่ปั๊มน้ำ,False,310
6088,70,16,2026-07-18,เปลี่ยนอะไหล่ปั๊มน้ำ,True,293
6089,103,5,2026-08-11,เปลี่ยนอะไหล่ปั๊มน้ำ,False,71
6090,104,5,2025-10-04,เปลี่ยนอะไหล่ปั๊มน้ำ,True,56
6091,117,17,2026-01-12,เปลี่ยนอะไหล่ปั๊มน้ำ,True,188
6092,60,2,2025-03-25,เปลี่ยนอะไหล่ปั๊มน้ำ,True,460
6093,14,12,2026-05-04,ซ่อมเครื่องพ่นยา,False,1090
6094,46,15,2025-02-22,บำรุงรักษาเครื่องยนต์ทั่วไป,True,130
6095,84,11,2025-10-25,ซ่อมเครื่องพ่นยา,False,2703
6096,20,17,2025-04-29,เปลี่ยนอะไหล่ปั๊มน้ำ,True,216
6097,120,5,2026-05-29,เปลี่ยนอะไหล่ปั๊มน้ำ,False,73
6098,130,19,2025-06-06,บำรุงรักษาเครื่องยนต์ทั่วไป,True,377
6099,5,11,2025-07-23,ซ่อมเครื่องพ่นยา,False,2656
6100,31,7,2026-08-17,เปลี่ยนอะไหล่เครื่องตัดหญ้า,True,123
6101,114,14,2025-10-25,ซ่อมเครื่องพ่นยา,True,110
6102,78,18,2025-12-24,บำรุงรักษาเครื่องยนต์ทั่วไป,True,91
6103,80,13,2026-07-03,ซ่อมเครื่องพ่นยา,True,370
6104,126,2,2026-07-10,เปลี่ยนอะไหล่ปั๊มน้ำ,True,496
6105,121,4,2026-05-28,เปลี่ยนอะไหล่ปั๊มน้ำ,False,341
6106,15,20,2026-01-05,บำรุงรักษาเครื่องยนต์ทั่วไป,True,60
6107,97,11,2025-10-31,ซ่อมเครื่องพ่นยา,False,2447
6108,73,14,2026-04-25,ซ่อมเครื่องพ่นยา,False,135
6109,33,16,2025-09-06,เปลี่ยนอะไหล่ปั๊มน้ำ,True,280
6110,7,13,2025-10-12,ซ่อมเครื่องพ่นยา,True,404
6111,25,12,2026-08-18,ซ่อมเครื่องพ่นยา,False,1202
6112,90,7,2025-11-29,เปลี่ยนอะไหล่เครื่องตัดหญ้า,True,120
6113,64,4,2025-02-13,เปลี่ยนอะไหล่ปั๊มน้ำ,False,351
6114,22,10,2025-07-02,เปลี่ยนอะไหล่เครื่องตัดหญ้า,False,930
6115,87,8,2026-06-19,เปลี่ยนอะไหล่เครื่องตัดหญ้า,True,158
6116,118,12,2025-05-12,ซ่อมเครื่องพ่นยา,True,957
6117,108,1,2026-05-26,เปลี่ยนอะไหล่ปั๊มน้ำ,False,267
6118,6,20,2025-07-27,บำรุงรักษาเครื่องยนต์ทั่วไป,True,66
6119,26,7,2025-09-03,เปลี่ยนอะไหล่เครื่องตัดหญ้า,True,121
6120,53,12,2026-09-20,ซ่อมเครื่องพ่นยา,True,1062
6121,87,13,2025-09-18,ซ่อมเครื่องพ่นยา,True,411
6122,112,7,2025-05-10,เปลี่ยนอะไหล่เครื่องตัดหญ้า,True,120
6123,20,1,2025-06-06,เปลี่ยนอะไหล่ปั๊มน้ำ,True,230
6124,77,6,2026-02-21,เปลี่ยนอะไหล่เครื่องตัดหญ้า,True,352
6125,24,13,2026-03-22,ซ่อมเครื่องพ่นยา,True,348
6126,87,18,2026-07-12,บำรุงรักษาเครื่องยนต์ทั่วไป,False,111
6127,122,12,2025-08-01,ซ่อมเครื่องพ่นยา,True,1094
6128,78,15,2025-11-28,บำรุงรักษาเครื่องยนต์ทั่วไป,True,163
6129,81,18,2026-01-27,บำรุงรักษาเครื่องยนต์ทั่วไป,False,123
6130,132,7,2025-06-05,เปลี่ยนอะไหล่เครื่องตัดหญ้า,True,116
6131,5,16,2025-12-19,เปลี่ยนอะไหล่ปั๊มน้ำ,False,345
6132,128,2,2026-05-03,เปลี่ยนอะไหล่ปั๊มน้ำ,False,637
6133,120,10,2025-06-15,เปลี่ยนอะไหล่เครื่องตัดหญ้า,False,933
6134,112,7,2025-07-28,เปลี่ยนอะไหล่เครื่องตัดหญ้า,False,158
6135,52,3,2026-03-16,เปลี่ยนอะไหล่ปั๊มน้ำ,False,82
6136,77,18,2025-10-10,บำรุงรักษาเครื่องยนต์ทั่วไป,True,92
6137,17,2,2025-12-05,เปลี่ยนอะไหล่ปั๊มน้ำ,True,508
6138,74,19,2026-05-08,บำรุงรักษาเครื่องยนต์ทั่วไป,True,368
6139,61,18,2026-05-17,บำรุงรักษาเครื่องยนต์ทั่วไป,True,105
6140,8,13,2025-11-12,ซ่อมเครื่องพ่นยา,True,340
6141,125,20,2025-07-10,บำรุงรักษาเครื่องยนต์ทั่วไป,False,79
6142,10,2,2026-03-11,เปลี่ยนอะไหล่ปั๊มน้ำ,False,564
6143,67,7,2025-06-06,เปลี่ยนอะไหล่เครื่องตัดหญ้า,True,112
6144,46,18,2026-09-06,บำรุงรักษาเครื่องยนต์ทั่วไป,False,131
6145,125,11,2026-05-16,ซ่อมเครื่องพ่นยา,False,2889
6146,22,9,2026-08-31,เปลี่ยนอะไหล่เครื่องตัดหญ้า,False,317
6147,105,14,2025-09-01,ซ่อมเครื่องพ่นยา,True,111
6148,102,1,2025-10-10,เปลี่ยนอะไหล่ปั๊มน้ำ,False,291
6149,129,1,2026-07-17,เปลี่ยนอะไหล่ปั๊มน้ำ,False,242
6150,135,13,2025-04-04,ซ่อมเครื่องพ่นยา,True,412
6151,32,5,2025-07-15,เปลี่ยนอะไหล่ปั๊มน้ำ,True,48
6152,100,19,2026-08-24,บำรุงรักษาเครื่องยนต์ทั่วไป,False,449
6153,109,8,2026-09-18,เปลี่ยนอะไหล่เครื่องตัดหญ้า,False,194
6154,71,16,2025-06-19,เปลี่ยนอะไหล่ปั๊มน้ำ,True,247
6155,15,9,2025-12-08,เปลี่ยนอะไหล่เครื่องตัดหญ้า,False,357
6156,29,12,2026-01-16,ซ่อมเครื่องพ่นยา,True,1064
6157,64,19,2025-09-03,บำรุงรักษาเครื่องยนต์ทั่วไป,True,375
6158,93,2,2025-08-04,เปลี่ยนอะไหล่ปั๊มน้ำ,False,649
6159,6,15,2026-01-05,บำรุงรักษาเครื่องยนต์ทั่วไป,False,206
6160,14,20,2026-05-17,บำรุงรักษาเครื่องยนต์ทั่วไป,False,86
6161,65,18,2026-06-21,บำรุงรักษาเครื่องยนต์ทั่วไป,False,132
6162,93,8,2026-03-06,เปลี่ยนอะไหล่เครื่องตัดหญ้า,True,174
6163,61,14,2026-09-23,ซ่อมเครื่องพ่นยา,False,127
6164,101,3,2025-12-10,เปลี่ยนอะไหล่ปั๊มน้ำ,True,84
6165,61,7,2025-07-18,เปลี่ยนอะไหล่เครื่องตัดหญ้า,True,141
6166,113,8,2025-08-20,เปลี่ยนอะไหล่เครื่องตัดหญ้า,True,186
6167,105,13,2026-05-06,ซ่อมเครื่องพ่นยา,True,411
6168,21,9,2026-09-06,เปลี่ยนอะไหล่เครื่องตัดหญ้า,False,318
6169,106,5,2026-08-29,เปลี่ยนอะไหล่ปั๊มน้ำ,False,67
6170,26,7,2025-09-16,เปลี่ยนอะไหล่เครื่องตัดหญ้า,False,174
6171,130,4,2025-05-05,เปลี่ยนอะไหล่ปั๊มน้ำ,False,355
6172,84,8,2025-02-21,เปลี่ยนอะไหล่เครื่องตัดหญ้า,True,172
6173,48,13,2025-12-19,ซ่อมเครื่องพ่นยา,False,507
6174,35,9,2026-05-05,เปลี่ยนอะไหล่เครื่องตัดหญ้า,False,361
6175,81,14,2025-01-03,ซ่อมเครื่องพ่นยา,True,104
6176,133,20,2026-03-24,บำรุงรักษาเครื่องยนต์ทั่วไป,True,60
6177,34,20,2026-07-09,บำรุงรักษาเครื่องยนต์ทั่วไป,False,91
6178,82,4,2026-04-07,เปลี่ยนอะไหล่ปั๊มน้ำ,False,353
6179,67,16,2025-12-17,เปลี่ยนอะไหล่ปั๊มน้ำ,True,291
6180,73,16,2025-05-15,เปลี่ยนอะไหล่ปั๊มน้ำ,False,373
6181,101,18,2025-06-04,บำรุงรักษาเครื่องยนต์ทั่วไป,True,96
6182,58,3,2025-10-21,เปลี่ยนอะไหล่ปั๊มน้ำ,False,104
6183,59,5,2025-01-17,เปลี่ยนอะไหล่ปั๊มน้ำ,False,76
6184,51,11,2025-03-11,ซ่อมเครื่องพ่นยา,False,2980
6185,103,7,2025-07-23,เปลี่ยนอะไหล่เครื่องตัดหญ้า,False,142
6186,23,14,2026-04-26,ซ่อมเครื่องพ่นยา,True,93
6187,31,10,2025-10-13,เปลี่ยนอะไหล่เครื่องตัดหญ้า,False,808
6188,117,12,2025-01-11,ซ่อมเครื่องพ่นยา,False,1236
6189,53,20,2026-06-08,บำรุงรักษาเครื่องยนต์ทั่วไป,True,61
6190,69,7,2025-05-29,เปลี่ยนอะไหล่เครื่องตัดหญ้า,False,171
6191,111,13,2025-08-12,ซ่อมเครื่องพ่นยา,False,456
6192,73,6,2025-06-10,เปลี่ยนอะไหล่เครื่องตัดหญ้า,True,431
6193,105,5,2026-07-19,เปลี่ยนอะไหล่ปั๊มน้ำ,False,66
6194,68,1,2026-09-08,เปลี่ยนอะไหล่ปั๊มน้ำ,True,196
6195,64,10,2025-07-02,เปลี่ยนอะไหล่เครื่องตัดหญ้า,False,922
6196,118,4,2025-10-15,เปลี่ยนอะไหล่ปั๊มน้ำ,False,343
6197,83,7,2025-03-08,เปลี่ยนอะไหล่เครื่องตัดหญ้า,True,112
6198,99,12,2026-06-23,ซ่อมเครื่องพ่นยา,True,924
6199,19,6,2026-07-05,เปลี่ยนอะไหล่เครื่องตัดหญ้า,True,388
6200,14,10,2025-03-16,เปลี่ยนอะไหล่เครื่องตัดหญ้า,False,907
